application_id,customer_id,application_date,annual_income,debt_ratio,late_payments,collection_status,defaulted
APP-000000,CUS-00000,2022-01-01,40157.06,0.1017,1,sent_to_collections,1
APP-000001,CUS-00000,2022-01-02,45909.87,0.1247,1,current,0
APP-000002,CUS-00000,2022-01-03,35476.93,0.0291,0,current,0
APP-000003,CUS-00001,2022-01-04,26882.58,0.1792,1,current,0
APP-000004,CUS-00001,2022-01-05,32708.76,0.2489,1,current,0
APP-000005,CUS-00001,2022-01-06,25687.48,0.4762,2,current,0
APP-000006,CUS-00002,2022-01-07,41235.9,0.1769,3,current,0
APP-000007,CUS-00002,2022-01-08,73357.27,0.2899,4,sent_to_collections,1
APP-000008,CUS-00002,2022-01-09,32160.91,0.4639,2,current,0
APP-000009,CUS-00003,2022-01-10,30357.12,0.2099,0,current,0
APP-000010,CUS-00003,2022-01-11,50032.54,0.2558,0,current,0
APP-000011,CUS-00003,2022-01-12,47126.9,0.4391,1,current,0
APP-000012,CUS-00004,2022-01-13,42084.57,0.3712,0,sent_to_collections,1
APP-000013,CUS-00004,2022-01-14,26404.49,0.2719,0,current,0
APP-000014,CUS-00004,2022-01-15,39609.99,0.3709,3,current,0
APP-000015,CUS-00005,2022-01-16,54879.02,0.542,2,sent_to_collections,1
APP-000016,CUS-00005,2022-01-17,21918.88,0.6455,1,sent_to_collections,1
APP-000017,CUS-00005,2022-01-18,32665.44,0.6979,0,sent_to_collections,1
APP-000018,CUS-00006,2022-01-19,17059.28,0.6573,1,current,0
APP-000019,CUS-00006,2022-01-20,22464.87,0.4628,2,current,0
APP-000020,CUS-00006,2022-01-21,17522.12,0.3769,0,current,0
APP-000021,CUS-00007,2022-01-22,36105.81,0.1837,2,current,0
APP-000022,CUS-00007,2022-01-23,22689.31,0.2398,1,current,0
APP-000023,CUS-00007,2022-01-24,45345.62,0.1245,2,current,0
APP-000024,CUS-00008,2022-01-25,43068.11,0.4021,2,current,0
APP-000025,CUS-00008,2022-01-26,36896.84,0.1938,1,current,0
APP-000026,CUS-00008,2022-01-27,12931.97,0.2522,1,current,0
APP-000027,CUS-00009,2022-01-28,31495.13,0.7347,3,sent_to_collections,1
APP-000028,CUS-00009,2022-01-29,39268.37,0.2391,0,sent_to_collections,1
APP-000029,CUS-00009,2022-01-30,42234.35,0.1352,1,current,0
APP-000030,CUS-00010,2022-01-31,20159.66,0.596,0,current,0
APP-000031,CUS-00010,2022-02-01,32370.77,0.2004,2,sent_to_collections,1
APP-000032,CUS-00010,2022-02-02,25839.68,0.1537,3,current,0
APP-000033,CUS-00011,2022-02-03,27889.99,0.3119,2,sent_to_collections,1
APP-000034,CUS-00011,2022-02-04,64692.75,0.4264,1,current,0
APP-000035,CUS-00011,2022-02-05,27906.35,0.4853,1,current,0
APP-000036,CUS-00012,2022-02-06,39551.75,0.4548,2,current,0
APP-000037,CUS-00012,2022-02-07,59753.05,0.2338,2,current,0
APP-000038,CUS-00012,2022-02-08,30865.05,0.3408,1,current,0
APP-000039,CUS-00013,2022-02-09,38167.29,0.0691,1,current,0
APP-000040,CUS-00013,2022-02-10,42180.31,0.2308,4,current,0
APP-000041,CUS-00013,2022-02-11,41303.47,0.2752,1,current,0
APP-000042,CUS-00014,2022-02-12,23126.28,0.5613,2,current,0
APP-000043,CUS-00014,2022-02-13,41533.81,0.6519,0,current,0
APP-000044,CUS-00014,2022-02-14,73974.12,0.2937,1,current,0
APP-000045,CUS-00015,2022-02-15,20005.95,0.5495,1,current,0
APP-000046,CUS-00015,2022-02-16,59084.4,0.3545,1,current,0
APP-000047,CUS-00015,2022-02-17,42349.39,0.4136,0,sent_to_collections,1
APP-000048,CUS-00016,2022-02-18,30071.66,0.3607,0,sent_to_collections,1
APP-000049,CUS-00016,2022-02-19,98734.28,0.2383,1,current,0
APP-000050,CUS-00016,2022-02-20,56557.71,0.405,2,current,0
APP-000051,CUS-00017,2022-02-21,23395.99,0.3037,4,sent_to_collections,1
APP-000052,CUS-00017,2022-02-22,41503.47,0.6169,1,current,0
APP-000053,CUS-00017,2022-02-23,52026.6,0.4846,4,current,0
APP-000054,CUS-00018,2022-02-24,36866.11,0.6129,1,sent_to_collections,1
APP-000055,CUS-00018,2022-02-25,54573.82,0.3123,1,current,0
APP-000056,CUS-00018,2022-02-26,38951.29,0.4314,5,current,0
APP-000057,CUS-00019,2022-02-27,54190.53,0.7386,1,current,0
APP-000058,CUS-00019,2022-02-28,76675.32,0.5286,1,current,0
APP-000059,CUS-00019,2022-03-01,29612.5,0.2254,2,sent_to_collections,1
APP-000060,CUS-00020,2022-03-02,43976.57,0.1134,2,current,0
APP-000061,CUS-00020,2022-03-03,32581.88,0.0592,2,sent_to_collections,1
APP-000062,CUS-00020,2022-03-04,42500.49,0.26,2,current,0
APP-000063,CUS-00021,2022-03-05,23523.67,0.0865,2,current,0
APP-000064,CUS-00021,2022-03-06,30924.82,0.4057,0,current,0
APP-000065,CUS-00021,2022-03-07,36743.32,0.2371,1,current,0
APP-000066,CUS-00022,2022-03-08,60140.8,0.2122,1,current,0
APP-000067,CUS-00022,2022-03-09,67194.72,0.0877,3,current,0
APP-000068,CUS-00022,2022-03-10,22123.87,0.4412,2,sent_to_collections,1
APP-000069,CUS-00023,2022-03-11,28068.72,0.3828,1,sent_to_collections,1
APP-000070,CUS-00023,2022-03-12,53696.68,0.4909,0,current,0
APP-000071,CUS-00023,2022-03-13,16373.36,0.4704,3,sent_to_collections,1
APP-000072,CUS-00024,2022-03-14,32583.9,0.3066,4,sent_to_collections,1
APP-000073,CUS-00024,2022-03-15,38415.68,0.4656,0,sent_to_collections,1
APP-000074,CUS-00024,2022-03-16,70661.54,0.4211,2,current,0
APP-000075,CUS-00025,2022-03-17,54733.53,0.3001,1,current,0
APP-000076,CUS-00025,2022-03-18,34639.64,0.4428,1,current,0
APP-000077,CUS-00025,2022-03-19,34000.85,0.1401,1,current,0
APP-000078,CUS-00026,2022-03-20,35861.23,0.3357,4,sent_to_collections,1
APP-000079,CUS-00026,2022-03-21,79665.21,0.4101,3,current,0
APP-000080,CUS-00026,2022-03-22,33103.32,0.4611,1,sent_to_collections,1
APP-000081,CUS-00027,2022-03-23,35008.42,0.5974,0,current,0
APP-000082,CUS-00027,2022-03-24,47035.84,0.2646,1,current,0
APP-000083,CUS-00027,2022-03-25,38011.85,0.6745,1,sent_to_collections,1
APP-000084,CUS-00028,2022-03-26,36725.33,0.3651,3,sent_to_collections,1
APP-000085,CUS-00028,2022-03-27,24310.65,0.4715,1,current,0
APP-000086,CUS-00028,2022-03-28,39927.29,0.2365,0,current,0
APP-000087,CUS-00029,2022-03-29,32872.39,0.2546,2,current,0
APP-000088,CUS-00029,2022-03-30,67829.84,0.2471,2,current,0
APP-000089,CUS-00029,2022-03-31,53846.35,0.2884,1,current,0
APP-000090,CUS-00030,2022-04-01,39701.15,0.2739,2,sent_to_collections,1
APP-000091,CUS-00030,2022-04-02,54218.17,0.3575,2,sent_to_collections,1
APP-000092,CUS-00030,2022-04-03,34442.92,0.4211,0,current,0
APP-000093,CUS-00031,2022-04-04,64437.88,0.077,1,current,0
APP-000094,CUS-00031,2022-04-05,40037.44,0.2618,2,sent_to_collections,1
APP-000095,CUS-00031,2022-04-06,52183.52,0.1951,3,current,0
APP-000096,CUS-00032,2022-04-07,22451.17,0.3283,1,sent_to_collections,1
APP-000097,CUS-00032,2022-04-08,46910.93,0.2794,2,sent_to_collections,1
APP-000098,CUS-00032,2022-04-09,18775.5,0.2993,0,sent_to_collections,1
APP-000099,CUS-00033,2022-04-10,16060.24,0.231,1,current,0
APP-000100,CUS-00033,2022-04-11,34995.87,0.1754,2,sent_to_collections,1
APP-000101,CUS-00033,2022-04-12,26769.88,0.4302,0,sent_to_collections,1
APP-000102,CUS-00034,2022-04-13,43209.85,0.1941,1,current,0
APP-000103,CUS-00034,2022-04-14,110209.73,0.6213,1,current,0
APP-000104,CUS-00034,2022-04-15,27604.24,0.0687,2,current,0
APP-000105,CUS-00035,2022-04-16,30309.77,0.505,1,current,0
APP-000106,CUS-00035,2022-04-17,44021.43,0.2639,4,sent_to_collections,1
APP-000107,CUS-00035,2022-04-18,50103.99,0.3206,0,current,0
APP-000108,CUS-00036,2022-04-19,37072.0,0.2311,2,sent_to_collections,1
APP-000109,CUS-00036,2022-04-20,36582.72,0.5053,0,current,0
APP-000110,CUS-00036,2022-04-21,55056.12,0.302,1,current,0
APP-000111,CUS-00037,2022-04-22,50714.06,0.0436,4,sent_to_collections,1
APP-000112,CUS-00037,2022-04-23,25206.22,0.3787,2,current,0
APP-000113,CUS-00037,2022-04-24,38729.95,0.7973,1,sent_to_collections,1
APP-000114,CUS-00038,2022-04-25,40777.23,0.3719,1,current,0
APP-000115,CUS-00038,2022-04-26,24971.29,0.5282,2,sent_to_collections,1
APP-000116,CUS-00038,2022-04-27,45113.08,0.3485,4,current,0
APP-000117,CUS-00039,2022-04-28,27280.29,0.1171,0,current,0
APP-000118,CUS-00039,2022-04-29,62157.7,0.0984,0,current,0
APP-000119,CUS-00039,2022-04-30,43771.39,0.3802,4,sent_to_collections,1
APP-000120,CUS-00040,2022-05-01,41780.62,0.2759,2,sent_to_collections,1
APP-000121,CUS-00040,2022-05-02,30762.06,0.6369,4,current,0
APP-000122,CUS-00040,2022-05-03,38048.83,0.2038,4,current,0
APP-000123,CUS-00041,2022-05-04,16334.16,0.2039,3,current,0
APP-000124,CUS-00041,2022-05-05,24121.69,0.0437,0,current,0
APP-000125,CUS-00041,2022-05-06,47253.31,0.1695,3,current,0
APP-000126,CUS-00042,2022-05-07,15400.34,0.2314,2,sent_to_collections,1
APP-000127,CUS-00042,2022-05-08,58745.74,0.2708,0,current,0
APP-000128,CUS-00042,2022-05-09,18292.69,0.2698,3,current,0
APP-000129,CUS-00043,2022-05-10,56417.37,0.4115,2,current,0
APP-000130,CUS-00043,2022-05-11,27433.67,0.3112,1,current,0
APP-000131,CUS-00043,2022-05-12,56985.15,0.2882,3,sent_to_collections,1
APP-000132,CUS-00044,2022-05-13,42570.98,0.307,3,current,0
APP-000133,CUS-00044,2022-05-14,20098.98,0.2238,0,current,0
APP-000134,CUS-00044,2022-05-15,70411.86,0.5479,1,current,0
APP-000135,CUS-00045,2022-05-16,76785.28,0.4572,0,current,0
APP-000136,CUS-00045,2022-05-17,38963.78,0.6593,0,current,0
APP-000137,CUS-00045,2022-05-18,35480.47,0.5882,3,sent_to_collections,1
APP-000138,CUS-00046,2022-05-19,37348.94,0.1805,0,current,0
APP-000139,CUS-00046,2022-05-20,25878.85,0.2165,5,current,0
APP-000140,CUS-00046,2022-05-21,65799.27,0.6154,2,current,0
APP-000141,CUS-00047,2022-05-22,31435.67,0.1874,3,current,0
APP-000142,CUS-00047,2022-05-23,39220.87,0.2291,2,current,0
APP-000143,CUS-00047,2022-05-24,28085.72,0.4518,2,current,0
APP-000144,CUS-00048,2022-05-25,30280.74,0.0441,1,current,0
APP-000145,CUS-00048,2022-05-26,22584.6,0.2089,0,sent_to_collections,1
APP-000146,CUS-00048,2022-05-27,70663.27,0.1161,3,current,0
APP-000147,CUS-00049,2022-05-28,37446.2,0.2792,0,current,0
APP-000148,CUS-00049,2022-05-29,61986.06,0.3528,2,current,0
APP-000149,CUS-00049,2022-05-30,40376.21,0.2339,2,current,0
APP-000150,CUS-00050,2022-05-31,29363.81,0.4191,2,current,0
APP-000151,CUS-00050,2022-06-01,34647.87,0.3485,1,current,0
APP-000152,CUS-00050,2022-06-02,31191.35,0.4889,2,sent_to_collections,1
APP-000153,CUS-00051,2022-06-03,40278.84,0.2275,0,current,0
APP-000154,CUS-00051,2022-06-04,33898.63,0.7856,3,current,0
APP-000155,CUS-00051,2022-06-05,35067.68,0.0686,3,current,0
APP-000156,CUS-00052,2022-06-06,21582.57,0.0653,1,current,0
APP-000157,CUS-00052,2022-06-07,27915.0,0.2041,0,current,0
APP-000158,CUS-00052,2022-06-08,84484.71,0.3828,2,current,0
APP-000159,CUS-00053,2022-06-09,29671.58,0.4608,1,current,0
APP-000160,CUS-00053,2022-06-10,24975.68,0.3153,2,current,0
APP-000161,CUS-00053,2022-06-11,46713.89,0.5295,2,current,0
APP-000162,CUS-00054,2022-06-12,75604.61,0.8444,1,sent_to_collections,1
APP-000163,CUS-00054,2022-06-13,20862.09,0.2439,0,current,0
APP-000164,CUS-00054,2022-06-14,36540.09,0.1235,1,current,0
APP-000165,CUS-00055,2022-06-15,30199.37,0.1231,1,current,0
APP-000166,CUS-00055,2022-06-16,18170.26,0.5937,1,sent_to_collections,1
APP-000167,CUS-00055,2022-06-17,55866.32,0.4192,1,current,0
APP-000168,CUS-00056,2022-06-18,39713.65,0.5621,4,current,0
APP-000169,CUS-00056,2022-06-19,41446.09,0.2309,2,current,0
APP-000170,CUS-00056,2022-06-20,28608.52,0.4628,1,current,0
APP-000171,CUS-00057,2022-06-21,49249.42,0.3803,1,current,0
APP-000172,CUS-00057,2022-06-22,31486.56,0.7626,0,current,0
APP-000173,CUS-00057,2022-06-23,37635.14,0.1836,0,current,0
APP-000174,CUS-00058,2022-06-24,24374.25,0.3192,1,current,0
APP-000175,CUS-00058,2022-06-25,23219.64,0.2859,1,current,0
APP-000176,CUS-00058,2022-06-26,73202.83,0.5879,1,sent_to_collections,1
APP-000177,CUS-00059,2022-06-27,31946.02,0.1377,1,sent_to_collections,1
APP-000178,CUS-00059,2022-06-28,45764.14,0.335,3,current,0
APP-000179,CUS-00059,2022-06-29,39529.18,0.8239,1,sent_to_collections,1
APP-000180,CUS-00060,2022-06-30,32908.45,0.3398,0,current,0
APP-000181,CUS-00060,2022-07-01,31933.71,0.0593,1,current,0
APP-000182,CUS-00060,2022-07-02,53291.77,0.2193,2,current,0
APP-000183,CUS-00061,2022-07-03,35036.99,0.3865,0,current,0
APP-000184,CUS-00061,2022-07-04,37490.78,0.5705,1,sent_to_collections,1
APP-000185,CUS-00061,2022-07-05,40538.19,0.4291,1,current,0
APP-000186,CUS-00062,2022-07-06,68147.43,0.1959,1,sent_to_collections,1
APP-000187,CUS-00062,2022-07-07,54514.93,0.3147,1,current,0
APP-000188,CUS-00062,2022-07-08,47675.37,0.6261,1,current,0
APP-000189,CUS-00063,2022-07-09,31144.5,0.5259,1,current,0
APP-000190,CUS-00063,2022-07-10,21549.63,0.462,1,sent_to_collections,1
APP-000191,CUS-00063,2022-07-11,61530.51,0.5262,1,sent_to_collections,1
APP-000192,CUS-00064,2022-07-12,62000.72,0.357,1,current,0
APP-000193,CUS-00064,2022-07-13,37672.33,0.0693,1,current,0
APP-000194,CUS-00064,2022-07-14,51218.07,0.0371,1,current,0
APP-000195,CUS-00065,2022-07-15,57048.06,0.09,2,current,0
APP-000196,CUS-00065,2022-07-16,58339.4,0.5093,2,current,0
APP-000197,CUS-00065,2022-07-17,60756.09,0.8156,0,current,0
APP-000198,CUS-00066,2022-07-18,32694.82,0.5797,2,sent_to_collections,1
APP-000199,CUS-00066,2022-07-19,79359.06,0.5792,0,sent_to_collections,1
APP-000200,CUS-00066,2022-07-20,22903.23,0.5613,4,sent_to_collections,1
APP-000201,CUS-00067,2022-07-21,59146.66,0.1903,5,sent_to_collections,1
APP-000202,CUS-00067,2022-07-22,50124.71,0.3958,0,current,0
APP-000203,CUS-00067,2022-07-23,59464.13,0.4497,1,current,0
APP-000204,CUS-00068,2022-07-24,93484.76,0.0696,3,current,0
APP-000205,CUS-00068,2022-07-25,78276.32,0.5388,0,current,0
APP-000206,CUS-00068,2022-07-26,23972.69,0.4985,1,current,0
APP-000207,CUS-00069,2022-07-27,18771.55,0.3564,0,current,0
APP-000208,CUS-00069,2022-07-28,57965.31,0.4606,0,sent_to_collections,1
APP-000209,CUS-00069,2022-07-29,25418.8,0.1891,2,current,0
APP-000210,CUS-00070,2022-07-30,39911.41,0.1543,1,current,0
APP-000211,CUS-00070,2022-07-31,58564.11,0.1538,2,current,0
APP-000212,CUS-00070,2022-08-01,19154.47,0.3121,2,current,0
APP-000213,CUS-00071,2022-08-02,15529.69,0.3851,3,current,0
APP-000214,CUS-00071,2022-08-03,45102.12,0.3528,0,current,0
APP-000215,CUS-00071,2022-08-04,40944.54,0.2084,3,current,0
APP-000216,CUS-00072,2022-08-05,35932.18,0.4457,2,current,0
APP-000217,CUS-00072,2022-08-06,40836.87,0.0395,4,current,0
APP-000218,CUS-00072,2022-08-07,27248.89,0.5725,2,sent_to_collections,1
APP-000219,CUS-00073,2022-08-08,20311.2,0.1904,1,current,0
APP-000220,CUS-00073,2022-08-09,37235.03,0.2185,3,current,0
APP-000221,CUS-00073,2022-08-10,25918.99,0.3979,5,current,0
APP-000222,CUS-00074,2022-08-11,19157.19,0.4284,1,current,0
APP-000223,CUS-00074,2022-08-12,50390.43,0.2067,3,current,0
APP-000224,CUS-00074,2022-08-13,39041.12,0.171,0,current,0
APP-000225,CUS-00075,2022-08-14,48191.5,0.4304,2,current,0
APP-000226,CUS-00075,2022-08-15,25714.68,0.6288,1,current,0
APP-000227,CUS-00075,2022-08-16,29848.01,0.4974,2,current,0
APP-000228,CUS-00076,2022-08-17,25602.13,0.3302,2,current,0
APP-000229,CUS-00076,2022-08-18,26930.4,0.2219,0,current,0
APP-000230,CUS-00076,2022-08-19,43823.85,0.0726,1,current,0
APP-000231,CUS-00077,2022-08-20,28216.48,0.2252,1,current,0
APP-000232,CUS-00077,2022-08-21,47109.49,0.0275,1,sent_to_collections,1
APP-000233,CUS-00077,2022-08-22,46764.99,0.5129,2,current,0
APP-000234,CUS-00078,2022-08-23,99839.83,0.0813,1,current,0
APP-000235,CUS-00078,2022-08-24,21444.96,0.319,1,current,0
APP-000236,CUS-00078,2022-08-25,59847.57,0.3344,1,current,0
APP-000237,CUS-00079,2022-08-26,38550.73,0.3204,2,current,0
APP-000238,CUS-00079,2022-08-27,39882.25,0.4109,1,current,0
APP-000239,CUS-00079,2022-08-28,20901.19,0.3821,1,sent_to_collections,1
APP-000240,CUS-00080,2022-08-29,32627.57,0.1169,2,sent_to_collections,1
APP-000241,CUS-00080,2022-08-30,56074.63,0.3513,3,current,0
APP-000242,CUS-00080,2022-08-31,38672.53,0.4162,1,sent_to_collections,1
APP-000243,CUS-00081,2022-09-01,41625.76,0.2004,2,current,0
APP-000244,CUS-00081,2022-09-02,35213.24,0.4607,4,sent_to_collections,1
APP-000245,CUS-00081,2022-09-03,67477.97,0.4202,2,current,0
APP-000246,CUS-00082,2022-09-04,39748.9,0.2332,2,current,0
APP-000247,CUS-00082,2022-09-05,14910.38,0.2376,0,current,0
APP-000248,CUS-00082,2022-09-06,29394.63,0.6638,1,current,0
APP-000249,CUS-00083,2022-09-07,16548.35,0.5374,1,sent_to_collections,1
APP-000250,CUS-00083,2022-09-08,9291.48,0.4941,3,sent_to_collections,1
APP-000251,CUS-00083,2022-09-09,31616.93,0.0835,0,current,0
APP-000252,CUS-00084,2022-09-10,73137.9,0.2947,3,current,0
APP-000253,CUS-00084,2022-09-11,40994.94,0.7292,2,sent_to_collections,1
APP-000254,CUS-00084,2022-09-12,23679.25,0.2591,0,sent_to_collections,1
APP-000255,CUS-00085,2022-09-13,26283.2,0.3724,1,current,0
APP-000256,CUS-00085,2022-09-14,66754.43,0.1142,1,current,0
APP-000257,CUS-00085,2022-09-15,43085.08,0.3373,1,sent_to_collections,1
APP-000258,CUS-00086,2022-09-16,41011.17,0.4985,1,sent_to_collections,1
APP-000259,CUS-00086,2022-09-17,39180.8,0.4902,2,sent_to_collections,1
APP-000260,CUS-00086,2022-09-18,40834.4,0.0892,3,current,0
APP-000261,CUS-00087,2022-09-19,57666.55,0.2684,0,current,0
APP-000262,CUS-00087,2022-09-20,51464.9,0.3432,0,current,0
APP-000263,CUS-00087,2022-09-21,44225.96,0.5961,3,sent_to_collections,1
APP-000264,CUS-00088,2022-09-22,25102.16,0.6644,0,sent_to_collections,1
APP-000265,CUS-00088,2022-09-23,50513.65,0.3023,1,current,0
APP-000266,CUS-00088,2022-09-24,29498.33,0.5348,2,current,0
APP-000267,CUS-00089,2022-09-25,65659.04,0.4367,2,current,0
APP-000268,CUS-00089,2022-09-26,22652.54,0.4732,1,sent_to_collections,1
APP-000269,CUS-00089,2022-09-27,37724.71,0.3783,2,sent_to_collections,1
APP-000270,CUS-00090,2022-09-28,40002.16,0.1091,0,current,0
APP-000271,CUS-00090,2022-09-29,22112.75,0.5784,0,sent_to_collections,1
APP-000272,CUS-00090,2022-09-30,87106.54,0.151,2,current,0
APP-000273,CUS-00091,2022-10-01,77434.14,0.1312,2,current,0
APP-000274,CUS-00091,2022-10-02,32577.83,0.5391,1,current,0
APP-000275,CUS-00091,2022-10-03,56799.03,0.2792,1,current,0
APP-000276,CUS-00092,2022-10-04,47591.25,0.1409,1,current,0
APP-000277,CUS-00092,2022-10-05,12380.75,0.361,2,current,0
APP-000278,CUS-00092,2022-10-06,44921.83,0.3029,1,current,0
APP-000279,CUS-00093,2022-10-07,39042.07,0.1394,1,current,0
APP-000280,CUS-00093,2022-10-08,41666.3,0.4073,1,sent_to_collections,1
APP-000281,CUS-00093,2022-10-09,24720.95,0.4197,5,sent_to_collections,1
APP-000282,CUS-00094,2022-10-10,35553.5,0.0516,2,current,0
APP-000283,CUS-00094,2022-10-11,37041.11,0.0879,2,current,0
APP-000284,CUS-00094,2022-10-12,68503.66,0.0808,4,sent_to_collections,1
APP-000285,CUS-00095,2022-10-13,46652.98,0.342,0,current,0
APP-000286,CUS-00095,2022-10-14,40034.64,0.8101,0,sent_to_collections,1
APP-000287,CUS-00095,2022-10-15,79860.49,0.3758,2,current,0
APP-000288,CUS-00096,2022-10-16,31261.37,0.5124,0,sent_to_collections,1
APP-000289,CUS-00096,2022-10-17,33683.26,0.2226,2,current,0
APP-000290,CUS-00096,2022-10-18,17720.2,0.4049,3,current,0
APP-000291,CUS-00097,2022-10-19,81315.96,0.4636,1,sent_to_collections,1
APP-000292,CUS-00097,2022-10-20,61941.74,0.6522,1,sent_to_collections,1
APP-000293,CUS-00097,2022-10-21,60632.21,0.207,1,current,0
APP-000294,CUS-00098,2022-10-22,54230.8,0.401,1,current,0
APP-000295,CUS-00098,2022-10-23,42174.32,0.4857,2,current,0
APP-000296,CUS-00098,2022-10-24,44221.66,0.7946,1,sent_to_collections,1
APP-000297,CUS-00099,2022-10-25,35832.01,0.3961,0,sent_to_collections,1
APP-000298,CUS-00099,2022-10-26,36621.1,0.1351,1,current,0
APP-000299,CUS-00099,2022-10-27,41127.68,0.6098,0,sent_to_collections,1
APP-000300,CUS-00100,2022-10-28,79246.88,0.1728,2,current,0
APP-000301,CUS-00100,2022-10-29,51537.22,0.239,2,current,0
APP-000302,CUS-00100,2022-10-30,39092.77,0.3657,1,sent_to_collections,1
APP-000303,CUS-00101,2022-10-31,30923.56,0.2472,2,current,0
APP-000304,CUS-00101,2022-11-01,30159.36,0.749,0,current,0
APP-000305,CUS-00101,2022-11-02,82554.77,0.6097,3,current,0
APP-000306,CUS-00102,2022-11-03,50413.25,0.2793,2,sent_to_collections,1
APP-000307,CUS-00102,2022-11-04,41373.58,0.2966,1,current,0
APP-000308,CUS-00102,2022-11-05,34345.22,0.1614,2,current,0
APP-000309,CUS-00103,2022-11-06,24365.56,0.1116,1,sent_to_collections,1
APP-000310,CUS-00103,2022-11-07,38945.26,0.2452,1,current,0
APP-000311,CUS-00103,2022-11-08,59465.17,0.1993,1,sent_to_collections,1
APP-000312,CUS-00104,2022-11-09,33636.2,0.3739,0,sent_to_collections,1
APP-000313,CUS-00104,2022-11-10,36233.55,0.4031,2,sent_to_collections,1
APP-000314,CUS-00104,2022-11-11,36334.92,0.4417,1,current,0
APP-000315,CUS-00105,2022-11-12,42163.81,0.3304,1,current,0
APP-000316,CUS-00105,2022-11-13,19597.26,0.7837,2,sent_to_collections,1
APP-000317,CUS-00105,2022-11-14,36100.82,0.2645,1,current,0
APP-000318,CUS-00106,2022-11-15,27324.04,0.1362,0,current,0
APP-000319,CUS-00106,2022-11-16,59758.29,0.1998,1,current,0
APP-000320,CUS-00106,2022-11-17,28374.06,0.7042,0,sent_to_collections,1
APP-000321,CUS-00107,2022-11-18,52034.96,0.6206,2,current,0
APP-000322,CUS-00107,2022-11-19,79697.77,0.2414,2,current,0
APP-000323,CUS-00107,2022-11-20,34852.55,0.475,2,sent_to_collections,1
APP-000324,CUS-00108,2022-11-21,30616.39,0.323,1,sent_to_collections,1
APP-000325,CUS-00108,2022-11-22,43745.52,0.4069,1,current,0
APP-000326,CUS-00108,2022-11-23,40098.21,0.3427,1,current,0
APP-000327,CUS-00109,2022-11-24,25664.72,0.5727,1,current,0
APP-000328,CUS-00109,2022-11-25,49385.58,0.6582,2,sent_to_collections,1
APP-000329,CUS-00109,2022-11-26,99407.44,0.3895,1,sent_to_collections,1
APP-000330,CUS-00110,2022-11-27,35733.7,0.3042,1,current,0
APP-000331,CUS-00110,2022-11-28,36633.04,0.2018,0,sent_to_collections,1
APP-000332,CUS-00110,2022-11-29,25078.86,0.3122,1,current,0
APP-000333,CUS-00111,2022-11-30,46332.08,0.4086,0,sent_to_collections,1
APP-000334,CUS-00111,2022-12-01,22899.28,0.1212,0,current,0
APP-000335,CUS-00111,2022-12-02,24388.84,0.2674,2,sent_to_collections,1
APP-000336,CUS-00112,2022-12-03,71385.52,0.2446,3,current,0
APP-000337,CUS-00112,2022-12-04,26703.4,0.3398,1,current,0
APP-000338,CUS-00112,2022-12-05,65291.09,0.4535,4,sent_to_collections,1
APP-000339,CUS-00113,2022-12-06,79694.92,0.6328,0,current,0
APP-000340,CUS-00113,2022-12-07,45102.68,0.7124,2,sent_to_collections,1
APP-000341,CUS-00113,2022-12-08,51483.99,0.2535,0,current,0
APP-000342,CUS-00114,2022-12-09,96617.28,0.2066,0,current,0
APP-000343,CUS-00114,2022-12-10,36734.52,0.4837,1,current,0
APP-000344,CUS-00114,2022-12-11,30734.69,0.1583,2,sent_to_collections,1
APP-000345,CUS-00115,2022-12-12,21830.12,0.2865,1,current,0
APP-000346,CUS-00115,2022-12-13,40895.21,0.5593,1,current,0
APP-000347,CUS-00115,2022-12-14,78089.81,0.1604,1,current,0
APP-000348,CUS-00116,2022-12-15,61809.84,0.0533,0,sent_to_collections,1
APP-000349,CUS-00116,2022-12-16,26266.74,0.1734,1,current,0
APP-000350,CUS-00116,2022-12-17,27311.99,0.2473,1,sent_to_collections,1
APP-000351,CUS-00117,2022-12-18,31988.22,0.0972,3,current,0
APP-000352,CUS-00117,2022-12-19,45776.25,0.3719,2,sent_to_collections,1
APP-000353,CUS-00117,2022-12-20,36592.91,0.1038,0,sent_to_collections,1
APP-000354,CUS-00118,2022-12-21,44201.07,0.0561,1,current,0
APP-000355,CUS-00118,2022-12-22,45868.45,0.4675,0,sent_to_collections,1
APP-000356,CUS-00118,2022-12-23,35085.8,0.5632,3,sent_to_collections,1
APP-000357,CUS-00119,2022-12-24,39415.79,0.7253,1,sent_to_collections,1
APP-000358,CUS-00119,2022-12-25,44044.98,0.1691,0,current,0
APP-000359,CUS-00119,2022-12-26,38646.58,0.2464,2,sent_to_collections,1
APP-000360,CUS-00120,2022-12-27,50341.47,0.4563,1,current,0
APP-000361,CUS-00120,2022-12-28,93143.27,0.1328,0,sent_to_collections,1
APP-000362,CUS-00120,2022-12-29,52385.63,0.4058,2,current,0
APP-000363,CUS-00121,2022-12-30,41155.58,0.4635,2,sent_to_collections,1
APP-000364,CUS-00121,2022-12-31,18793.13,0.103,3,current,0
APP-000365,CUS-00121,2023-01-01,47790.43,0.2668,1,current,0
APP-000366,CUS-00122,2023-01-02,16713.88,0.3482,2,current,0
APP-000367,CUS-00122,2023-01-03,21288.76,0.4802,1,sent_to_collections,1
APP-000368,CUS-00122,2023-01-04,58958.42,0.4337,4,sent_to_collections,1
APP-000369,CUS-00123,2023-01-05,55149.66,0.1893,1,current,0
APP-000370,CUS-00123,2023-01-06,37516.17,0.124,2,current,0
APP-000371,CUS-00123,2023-01-07,18592.16,0.5613,1,sent_to_collections,1
APP-000372,CUS-00124,2023-01-08,33958.46,0.8828,0,current,0
APP-000373,CUS-00124,2023-01-09,29571.54,0.3551,1,current,0
APP-000374,CUS-00124,2023-01-10,53454.08,0.4412,3,sent_to_collections,1
APP-000375,CUS-00125,2023-01-11,110855.05,0.4114,2,current,0
APP-000376,CUS-00125,2023-01-12,44250.36,0.353,1,current,0
APP-000377,CUS-00125,2023-01-13,28263.03,0.5943,1,current,0
APP-000378,CUS-00126,2023-01-14,23700.51,0.379,1,current,0
APP-000379,CUS-00126,2023-01-15,39134.42,0.4608,2,sent_to_collections,1
APP-000380,CUS-00126,2023-01-16,37065.54,0.2465,2,current,0
APP-000381,CUS-00127,2023-01-17,23904.37,0.0443,3,sent_to_collections,1
APP-000382,CUS-00127,2023-01-18,42292.28,0.3103,0,current,0
APP-000383,CUS-00127,2023-01-19,23910.88,0.3586,3,current,0
APP-000384,CUS-00128,2023-01-20,66200.83,0.3037,1,sent_to_collections,1
APP-000385,CUS-00128,2023-01-21,64743.77,0.2294,1,current,0
APP-000386,CUS-00128,2023-01-22,65390.88,0.1078,0,current,0
APP-000387,CUS-00129,2023-01-23,32424.75,0.3552,1,current,0
APP-000388,CUS-00129,2023-01-24,50591.27,0.7142,3,sent_to_collections,1
APP-000389,CUS-00129,2023-01-25,37819.07,0.4212,3,sent_to_collections,1
APP-000390,CUS-00130,2023-01-26,33692.64,0.2286,0,current,0
APP-000391,CUS-00130,2023-01-27,34454.14,0.5881,0,sent_to_collections,1
APP-000392,CUS-00130,2023-01-28,22362.22,0.2658,1,current,0
APP-000393,CUS-00131,2023-01-29,20957.7,0.3395,2,sent_to_collections,1
APP-000394,CUS-00131,2023-01-30,57379.46,0.2952,3,sent_to_collections,1
APP-000395,CUS-00131,2023-01-31,36825.44,0.241,3,current,0
APP-000396,CUS-00132,2023-02-01,44240.29,0.2787,2,current,0
APP-000397,CUS-00132,2023-02-02,62992.42,0.5965,0,current,0
APP-000398,CUS-00132,2023-02-03,18399.71,0.6374,0,current,0
APP-000399,CUS-00133,2023-02-04,28201.81,0.0453,0,sent_to_collections,1
APP-000400,CUS-00133,2023-02-05,43429.78,0.6434,1,sent_to_collections,1
APP-000401,CUS-00133,2023-02-06,47879.5,0.1519,1,current,0
APP-000402,CUS-00134,2023-02-07,33871.07,0.4777,2,sent_to_collections,1
APP-000403,CUS-00134,2023-02-08,63775.9,0.4247,0,sent_to_collections,1
APP-000404,CUS-00134,2023-02-09,44120.41,0.0234,0,current,0
APP-000405,CUS-00135,2023-02-10,23248.08,0.5126,1,sent_to_collections,1
APP-000406,CUS-00135,2023-02-11,26400.98,0.3348,2,sent_to_collections,1
APP-000407,CUS-00135,2023-02-12,57668.25,0.069,1,sent_to_collections,1
APP-000408,CUS-00136,2023-02-13,49450.34,0.367,5,current,0
APP-000409,CUS-00136,2023-02-14,17075.88,0.0936,1,current,0
APP-000410,CUS-00136,2023-02-15,73605.17,0.1465,2,current,0
APP-000411,CUS-00137,2023-02-16,52528.55,0.5495,0,current,0
APP-000412,CUS-00137,2023-02-17,73460.59,0.6071,1,current,0
APP-000413,CUS-00137,2023-02-18,33770.22,0.2657,1,sent_to_collections,1
APP-000414,CUS-00138,2023-02-19,35134.27,0.2759,1,current,0
APP-000415,CUS-00138,2023-02-20,24175.48,0.4839,1,sent_to_collections,1
APP-000416,CUS-00138,2023-02-21,125695.59,0.4734,1,sent_to_collections,1
APP-000417,CUS-00139,2023-02-22,37087.88,0.5023,2,sent_to_collections,1
APP-000418,CUS-00139,2023-02-23,81993.06,0.2949,1,current,0
APP-000419,CUS-00139,2023-02-24,29992.97,0.4471,0,sent_to_collections,1
APP-000420,CUS-00140,2023-02-25,43205.74,0.3149,1,sent_to_collections,1
APP-000421,CUS-00140,2023-02-26,18918.42,0.2562,1,sent_to_collections,1
APP-000422,CUS-00140,2023-02-27,33782.89,0.2372,2,current,0
APP-000423,CUS-00141,2023-02-28,62485.49,0.6192,1,sent_to_collections,1
APP-000424,CUS-00141,2023-03-01,22850.2,0.2401,1,current,0
APP-000425,CUS-00141,2023-03-02,65023.39,0.2573,1,current,0
APP-000426,CUS-00142,2023-03-03,46712.03,0.6348,0,current,0
APP-000427,CUS-00142,2023-03-04,25089.94,0.5662,2,current,0
APP-000428,CUS-00142,2023-03-05,32025.29,0.3887,1,sent_to_collections,1
APP-000429,CUS-00143,2023-03-06,32644.13,0.4077,1,sent_to_collections,1
APP-000430,CUS-00143,2023-03-07,39250.38,0.2983,1,current,0
APP-000431,CUS-00143,2023-03-08,31531.28,0.4833,2,sent_to_collections,1
APP-000432,CUS-00144,2023-03-09,27659.39,0.1724,2,current,0
APP-000433,CUS-00144,2023-03-10,34994.13,0.2079,1,current,0
APP-000434,CUS-00144,2023-03-11,25283.31,0.6338,2,current,0
APP-000435,CUS-00145,2023-03-12,22464.98,0.4346,2,current,0
APP-000436,CUS-00145,2023-03-13,39274.1,0.25,3,sent_to_collections,1
APP-000437,CUS-00145,2023-03-14,59712.31,0.4113,3,sent_to_collections,1
APP-000438,CUS-00146,2023-03-15,20166.59,0.2341,0,sent_to_collections,1
APP-000439,CUS-00146,2023-03-16,40198.25,0.2477,0,sent_to_collections,1
APP-000440,CUS-00146,2023-03-17,29957.04,0.232,1,sent_to_collections,1
APP-000441,CUS-00147,2023-03-18,25855.65,0.145,3,current,0
APP-000442,CUS-00147,2023-03-19,58926.54,0.4357,1,current,0
APP-000443,CUS-00147,2023-03-20,31787.35,0.2939,1,current,0
APP-000444,CUS-00148,2023-03-21,78765.92,0.5125,1,current,0
APP-000445,CUS-00148,2023-03-22,28256.32,0.295,0,current,0
APP-000446,CUS-00148,2023-03-23,47759.15,0.1952,2,current,0
APP-000447,CUS-00149,2023-03-24,36232.89,0.6911,0,sent_to_collections,1
APP-000448,CUS-00149,2023-03-25,28586.51,0.4047,1,current,0
APP-000449,CUS-00149,2023-03-26,52284.42,0.3493,1,current,0
APP-000450,CUS-00150,2023-03-27,37431.12,0.1719,1,sent_to_collections,1
APP-000451,CUS-00150,2023-03-28,52651.22,0.2467,5,current,0
APP-000452,CUS-00150,2023-03-29,39289.74,0.2384,1,current,0
APP-000453,CUS-00151,2023-03-30,24621.68,0.4651,0,current,0
APP-000454,CUS-00151,2023-03-31,38333.09,0.3835,0,current,0
APP-000455,CUS-00151,2023-04-01,41084.24,0.6535,0,current,0
APP-000456,CUS-00152,2023-04-02,61778.35,0.371,1,current,0
APP-000457,CUS-00152,2023-04-03,26693.6,0.1507,1,current,0
APP-000458,CUS-00152,2023-04-04,39430.76,0.2744,0,current,0
APP-000459,CUS-00153,2023-04-05,18493.13,0.474,1,current,0
APP-000460,CUS-00153,2023-04-06,53807.7,0.4944,1,sent_to_collections,1
APP-000461,CUS-00153,2023-04-07,24669.74,0.2232,1,sent_to_collections,1
APP-000462,CUS-00154,2023-04-08,17803.28,0.2965,2,sent_to_collections,1
APP-000463,CUS-00154,2023-04-09,39079.47,0.1254,2,current,0
APP-000464,CUS-00154,2023-04-10,66009.78,0.5665,0,sent_to_collections,1
APP-000465,CUS-00155,2023-04-11,20211.34,0.3985,2,current,0
APP-000466,CUS-00155,2023-04-12,24597.1,0.4392,2,sent_to_collections,1
APP-000467,CUS-00155,2023-04-13,28725.09,0.5082,2,current,0
APP-000468,CUS-00156,2023-04-14,24142.44,0.2492,0,current,0
APP-000469,CUS-00156,2023-04-15,47607.36,0.2667,1,current,0
APP-000470,CUS-00156,2023-04-16,27908.45,0.4929,1,current,0
APP-000471,CUS-00157,2023-04-17,29007.75,0.3157,3,current,0
APP-000472,CUS-00157,2023-04-18,52181.72,0.3351,1,current,0
APP-000473,CUS-00157,2023-04-19,28567.31,0.3795,1,current,0
APP-000474,CUS-00158,2023-04-20,48764.17,0.62,1,current,0
APP-000475,CUS-00158,2023-04-21,25922.76,0.238,1,sent_to_collections,1
APP-000476,CUS-00158,2023-04-22,23261.1,0.0536,0,current,0
APP-000477,CUS-00159,2023-04-23,17571.75,0.0308,0,current,0
APP-000478,CUS-00159,2023-04-24,92738.71,0.6865,2,sent_to_collections,1
APP-000479,CUS-00159,2023-04-25,34748.21,0.3402,2,sent_to_collections,1
APP-000480,CUS-00160,2023-04-26,44791.34,0.0991,2,current,0
APP-000481,CUS-00160,2023-04-27,39577.96,0.5913,1,sent_to_collections,1
APP-000482,CUS-00160,2023-04-28,43130.38,0.1656,4,sent_to_collections,1
APP-000483,CUS-00161,2023-04-29,41042.32,0.5727,1,current,0
APP-000484,CUS-00161,2023-04-30,94721.63,0.1561,1,sent_to_collections,1
APP-000485,CUS-00161,2023-05-01,25146.73,0.1927,1,current,0
APP-000486,CUS-00162,2023-05-02,19913.28,0.2294,0,current,0
APP-000487,CUS-00162,2023-05-03,25453.74,0.2721,2,sent_to_collections,1
APP-000488,CUS-00162,2023-05-04,22012.83,0.4144,2,sent_to_collections,1
APP-000489,CUS-00163,2023-05-05,56169.71,0.1727,2,sent_to_collections,1
APP-000490,CUS-00163,2023-05-06,58056.4,0.5316,2,sent_to_collections,1
APP-000491,CUS-00163,2023-05-07,26040.49,0.3559,0,current,0
APP-000492,CUS-00164,2023-05-08,21467.68,0.5787,1,sent_to_collections,1
APP-000493,CUS-00164,2023-05-09,34212.33,0.3988,3,sent_to_collections,1
APP-000494,CUS-00164,2023-05-10,75057.2,0.4769,1,current,0
APP-000495,CUS-00165,2023-05-11,11284.59,0.2417,2,sent_to_collections,1
APP-000496,CUS-00165,2023-05-12,50867.63,0.5099,1,sent_to_collections,1
APP-000497,CUS-00165,2023-05-13,24733.41,0.4153,1,sent_to_collections,1
APP-000498,CUS-00166,2023-05-14,64097.79,0.0861,2,current,0
APP-000499,CUS-00166,2023-05-15,24709.28,0.1402,0,current,0
APP-000500,CUS-00166,2023-05-16,35297.34,0.1582,1,current,0
APP-000501,CUS-00167,2023-05-17,20377.25,0.3495,2,current,0
APP-000502,CUS-00167,2023-05-18,25854.35,0.4558,2,sent_to_collections,1
APP-000503,CUS-00167,2023-05-19,74878.92,0.1624,0,current,0
APP-000504,CUS-00168,2023-05-20,58061.64,0.4085,3,sent_to_collections,1
APP-000505,CUS-00168,2023-05-21,33498.28,0.5571,1,current,0
APP-000506,CUS-00168,2023-05-22,27130.73,0.1904,2,current,0
APP-000507,CUS-00169,2023-05-23,17116.3,0.2856,2,sent_to_collections,1
APP-000508,CUS-00169,2023-05-24,33619.26,0.6108,1,current,0
APP-000509,CUS-00169,2023-05-25,39580.57,0.4617,0,sent_to_collections,1
APP-000510,CUS-00170,2023-05-26,38645.11,0.0688,2,sent_to_collections,1
APP-000511,CUS-00170,2023-05-27,38476.14,0.4672,2,sent_to_collections,1
APP-000512,CUS-00170,2023-05-28,24226.1,0.3969,3,current,0
APP-000513,CUS-00171,2023-05-29,38955.56,0.5881,1,current,0
APP-000514,CUS-00171,2023-05-30,39442.41,0.6628,2,sent_to_collections,1
APP-000515,CUS-00171,2023-05-31,71736.35,0.7205,1,current,0
APP-000516,CUS-00172,2023-06-01,92969.81,0.1223,1,sent_to_collections,1
APP-000517,CUS-00172,2023-06-02,37735.44,0.5553,0,sent_to_collections,1
APP-000518,CUS-00172,2023-06-03,28428.92,0.542,2,sent_to_collections,1
APP-000519,CUS-00173,2023-06-04,38978.21,0.3259,3,sent_to_collections,1
APP-000520,CUS-00173,2023-06-05,30533.22,0.3311,1,sent_to_collections,1
APP-000521,CUS-00173,2023-06-06,28735.97,0.2436,3,current,0
APP-000522,CUS-00174,2023-06-07,39089.43,0.2271,2,sent_to_collections,1
APP-000523,CUS-00174,2023-06-08,25097.24,0.2633,3,current,0
APP-000524,CUS-00174,2023-06-09,52719.89,0.2064,1,sent_to_collections,1
APP-000525,CUS-00175,2023-06-10,38301.26,0.4515,0,current,0
APP-000526,CUS-00175,2023-06-11,44913.95,0.3099,2,sent_to_collections,1
APP-000527,CUS-00175,2023-06-12,36963.16,0.3768,1,current,0
APP-000528,CUS-00176,2023-06-13,28932.92,0.1423,0,sent_to_collections,1
APP-000529,CUS-00176,2023-06-14,26197.47,0.2069,0,current,0
APP-000530,CUS-00176,2023-06-15,36070.33,0.6719,1,sent_to_collections,1
APP-000531,CUS-00177,2023-06-16,31352.77,0.5743,4,sent_to_collections,1
APP-000532,CUS-00177,2023-06-17,44589.59,0.1541,0,current,0
APP-000533,CUS-00177,2023-06-18,40054.88,0.287,1,sent_to_collections,1
APP-000534,CUS-00178,2023-06-19,21741.15,0.539,0,sent_to_collections,1
APP-000535,CUS-00178,2023-06-20,41365.59,0.1369,3,sent_to_collections,1
APP-000536,CUS-00178,2023-06-21,21932.24,0.3683,3,sent_to_collections,1
APP-000537,CUS-00179,2023-06-22,30411.77,0.2251,0,sent_to_collections,1
APP-000538,CUS-00179,2023-06-23,35155.66,0.3861,2,current,0
APP-000539,CUS-00179,2023-06-24,15774.14,0.4048,1,sent_to_collections,1
APP-000540,CUS-00180,2023-06-25,41822.02,0.297,1,sent_to_collections,1
APP-000541,CUS-00180,2023-06-26,42956.47,0.1347,1,sent_to_collections,1
APP-000542,CUS-00180,2023-06-27,37379.93,0.385,4,sent_to_collections,1
APP-000543,CUS-00181,2023-06-28,33158.59,0.2239,1,sent_to_collections,1
APP-000544,CUS-00181,2023-06-29,33924.01,0.1298,1,current,0
APP-000545,CUS-00181,2023-06-30,25862.7,0.1386,1,current,0
APP-000546,CUS-00182,2023-07-01,35547.85,0.1657,0,current,0
APP-000547,CUS-00182,2023-07-02,31298.48,0.27,4,sent_to_collections,1
APP-000548,CUS-00182,2023-07-03,41825.37,0.3602,2,current,0
APP-000549,CUS-00183,2023-07-04,23345.02,0.4124,0,current,0
APP-000550,CUS-00183,2023-07-05,44623.48,0.6338,0,sent_to_collections,1
APP-000551,CUS-00183,2023-07-06,42806.64,0.1287,3,current,0
APP-000552,CUS-00184,2023-07-07,37657.85,0.2966,1,sent_to_collections,1
APP-000553,CUS-00184,2023-07-08,32937.19,0.1349,0,sent_to_collections,1
APP-000554,CUS-00184,2023-07-09,51459.63,0.2459,1,sent_to_collections,1
APP-000555,CUS-00185,2023-07-10,18975.98,0.1553,1,sent_to_collections,1
APP-000556,CUS-00185,2023-07-11,49375.22,0.3474,1,current,0
APP-000557,CUS-00185,2023-07-12,44773.28,0.3802,3,sent_to_collections,1
APP-000558,CUS-00186,2023-07-13,45593.45,0.6895,1,sent_to_collections,1
APP-000559,CUS-00186,2023-07-14,47690.65,0.4299,1,current,0
APP-000560,CUS-00186,2023-07-15,29907.36,0.3494,0,sent_to_collections,1
APP-000561,CUS-00187,2023-07-16,35712.03,0.436,0,current,0
APP-000562,CUS-00187,2023-07-17,53459.32,0.2259,0,sent_to_collections,1
APP-000563,CUS-00187,2023-07-18,48717.21,0.2387,1,current,0
APP-000564,CUS-00188,2023-07-19,44047.36,0.5121,2,sent_to_collections,1
APP-000565,CUS-00188,2023-07-20,20303.65,0.4429,2,sent_to_collections,1
APP-000566,CUS-00188,2023-07-21,51126.04,0.1638,2,sent_to_collections,1
APP-000567,CUS-00189,2023-07-22,67931.96,0.4936,1,sent_to_collections,1
APP-000568,CUS-00189,2023-07-23,63218.49,0.5147,1,current,0
APP-000569,CUS-00189,2023-07-24,44589.12,0.2842,2,sent_to_collections,1
APP-000570,CUS-00190,2023-07-25,19911.34,0.4445,2,sent_to_collections,1
APP-000571,CUS-00190,2023-07-26,61337.41,0.6624,1,sent_to_collections,1
APP-000572,CUS-00190,2023-07-27,37561.52,0.6009,2,sent_to_collections,1
APP-000573,CUS-00191,2023-07-28,12840.59,0.3174,1,current,0
APP-000574,CUS-00191,2023-07-29,47559.81,0.5434,3,current,0
APP-000575,CUS-00191,2023-07-30,20507.02,0.1153,1,sent_to_collections,1
APP-000576,CUS-00192,2023-07-31,22395.2,0.4146,1,sent_to_collections,1
APP-000577,CUS-00192,2023-08-01,30159.9,0.2988,0,sent_to_collections,1
APP-000578,CUS-00192,2023-08-02,71158.57,0.3988,1,sent_to_collections,1
APP-000579,CUS-00193,2023-08-03,33966.15,0.1072,3,sent_to_collections,1
APP-000580,CUS-00193,2023-08-04,45340.06,0.5642,0,sent_to_collections,1
APP-000581,CUS-00193,2023-08-05,88131.53,0.2401,1,current,0
APP-000582,CUS-00194,2023-08-06,82233.12,0.2006,0,sent_to_collections,1
APP-000583,CUS-00194,2023-08-07,38310.95,0.559,1,sent_to_collections,1
APP-000584,CUS-00194,2023-08-08,36001.49,0.1279,0,current,0
APP-000585,CUS-00195,2023-08-09,22756.55,0.2245,2,current,0
APP-000586,CUS-00195,2023-08-10,29363.09,0.2033,2,current,0
APP-000587,CUS-00195,2023-08-11,48601.58,0.209,0,current,0
APP-000588,CUS-00196,2023-08-12,47957.9,0.4587,1,current,0
APP-000589,CUS-00196,2023-08-13,42176.02,0.3854,0,sent_to_collections,1
APP-000590,CUS-00196,2023-08-14,62796.88,0.6657,3,sent_to_collections,1
APP-000591,CUS-00197,2023-08-15,28351.48,0.7824,2,current,0
APP-000592,CUS-00197,2023-08-16,39134.73,0.6395,0,sent_to_collections,1
APP-000593,CUS-00197,2023-08-17,55773.79,0.4135,0,current,0
APP-000594,CUS-00198,2023-08-18,52201.46,0.4743,1,current,0
APP-000595,CUS-00198,2023-08-19,64985.9,0.1566,3,sent_to_collections,1
APP-000596,CUS-00198,2023-08-20,47985.74,0.0525,3,current,0
APP-000597,CUS-00199,2023-08-21,34918.39,0.0716,1,current,0
APP-000598,CUS-00199,2023-08-22,47239.54,0.233,1,current,0
APP-000599,CUS-00199,2023-08-23,25561.23,0.1811,0,current,0
APP-000000,CUS-00000,2022-01-01,40157.06,0.1017,1,sent_to_collections,1
APP-000001,CUS-00000,2022-01-02,45909.87,0.1247,1,current,0
APP-000002,CUS-00000,2022-01-03,35476.93,0.0291,0,current,0
APP-000003,CUS-00001,2022-01-04,26882.58,0.1792,1,current,0
APP-000004,CUS-00001,2022-01-05,32708.76,0.2489,1,current,0
APP-000005,CUS-00001,2022-01-06,25687.48,0.4762,2,current,0
APP-000006,CUS-00002,2022-01-07,41235.9,0.1769,3,current,0
APP-000007,CUS-00002,2022-01-08,73357.27,0.2899,4,sent_to_collections,1
APP-000008,CUS-00002,2022-01-09,32160.91,0.4639,2,current,0
APP-000009,CUS-00003,2022-01-10,30357.12,0.2099,0,current,0
APP-000010,CUS-00003,2022-01-11,50032.54,0.2558,0,current,0
APP-000011,CUS-00003,2022-01-12,47126.9,0.4391,1,current,0
APP-000012,CUS-00004,2022-01-13,42084.57,0.3712,0,sent_to_collections,1
APP-000013,CUS-00004,2022-01-14,26404.49,0.2719,0,current,0
APP-000014,CUS-00004,2022-01-15,39609.99,0.3709,3,current,0
APP-000015,CUS-00005,2022-01-16,54879.02,0.542,2,sent_to_collections,1
APP-000016,CUS-00005,2022-01-17,21918.88,0.6455,1,sent_to_collections,1
APP-000017,CUS-00005,2022-01-18,32665.44,0.6979,0,sent_to_collections,1
APP-000018,CUS-00006,2022-01-19,17059.28,0.6573,1,current,0
APP-000019,CUS-00006,2022-01-20,22464.87,0.4628,2,current,0
