reading_id,machine_id,timestamp,vibration,temperature,service_ticket_opened,failure_next_24h
R-000000,M-017,2023-01-01 00:00:00,3.2373,74.589,0,0
R-000001,M-012,2023-01-01 01:00:00,3.2231,69.905,0,0
R-000002,M-010,2023-01-01 02:00:00,3.6038,70.616,0,0
R-000003,M-027,2023-01-01 03:00:00,3.4858,73.593,0,0
R-000004,M-011,2023-01-01 04:00:00,2.7665,78.561,0,0
R-000005,M-008,2023-01-01 05:00:00,3.3415,54.422,1,1
R-000006,M-026,2023-01-01 06:00:00,3.5335,73.432,0,0
R-000007,M-001,2023-01-01 07:00:00,2.2648,67.331,0,0
R-000008,M-013,2023-01-01 08:00:00,3.4778,72.814,0,0
R-000009,M-009,2023-01-01 09:00:00,3.3262,71.742,0,0
R-000010,M-000,2023-01-01 10:00:00,1.8034,68.993,0,0
R-000011,M-021,2023-01-01 11:00:00,2.866,74.129,0,0
R-000012,M-029,2023-01-01 12:00:00,3.8093,68.01,1,1
R-000013,M-023,2023-01-01 13:00:00,4.0074,74.267,0,0
R-000014,M-009,2023-01-01 14:00:00,3.2559,68.786,1,1
R-000015,M-016,2023-01-01 15:00:00,2.7628,68.188,0,0
R-000016,M-025,2023-01-01 16:00:00,3.5569,66.017,0,0
R-000017,M-009,2023-01-01 17:00:00,2.3664,69.24,0,0
R-000018,M-012,2023-01-01 18:00:00,3.6994,67.201,0,0
R-000019,M-027,2023-01-01 19:00:00,4.8087,72.18,0,0
R-000020,M-005,2023-01-01 20:00:00,2.3053,60.496,0,0
R-000021,M-027,2023-01-01 21:00:00,3.5416,70.02,0,0
R-000022,M-020,2023-01-01 22:00:00,2.8043,70.481,0,0
R-000023,M-013,2023-01-01 23:00:00,3.3524,69.842,0,0
R-000024,M-023,2023-01-02 00:00:00,3.3063,70.066,0,0
R-000025,M-012,2023-01-02 01:00:00,3.1601,67.538,0,0
R-000026,M-010,2023-01-02 02:00:00,2.6619,61.484,0,0
R-000027,M-018,2023-01-02 03:00:00,3.3867,69.565,0,0
R-000028,M-027,2023-01-02 04:00:00,2.7137,73.201,0,0
R-000029,M-021,2023-01-02 05:00:00,3.6327,66.189,0,0
R-000030,M-020,2023-01-02 06:00:00,2.4454,65.014,0,0
R-000031,M-018,2023-01-02 07:00:00,3.6097,69.54,1,1
R-000032,M-025,2023-01-02 08:00:00,4.1657,74.098,0,0
R-000033,M-012,2023-01-02 09:00:00,3.2296,68.201,1,1
R-000034,M-022,2023-01-02 10:00:00,3.8295,69.586,0,0
R-000035,M-013,2023-01-02 11:00:00,3.8775,65.991,0,0
R-000036,M-018,2023-01-02 12:00:00,3.3403,70.026,0,0
R-000037,M-019,2023-01-02 13:00:00,2.8963,69.548,0,0
R-000038,M-011,2023-01-02 14:00:00,2.4854,71.402,0,0
R-000039,M-027,2023-01-02 15:00:00,4.0129,71.871,0,0
R-000040,M-007,2023-01-02 16:00:00,1.7272,65.728,0,0
R-000041,M-001,2023-01-02 17:00:00,2.3963,61.366,1,1
R-000042,M-022,2023-01-02 18:00:00,3.0544,67.089,0,0
R-000043,M-002,2023-01-02 19:00:00,2.5249,69.284,0,0
R-000044,M-016,2023-01-02 20:00:00,3.0603,72.453,0,0
R-000045,M-022,2023-01-02 21:00:00,2.8983,70.687,0,0
R-000046,M-005,2023-01-02 22:00:00,3.2762,65.324,0,0
R-000047,M-013,2023-01-02 23:00:00,3.5755,72.803,0,0
R-000048,M-017,2023-01-03 00:00:00,2.3976,68.468,0,0
R-000049,M-023,2023-01-03 01:00:00,3.6028,70.655,0,0
R-000050,M-015,2023-01-03 02:00:00,3.189,70.077,0,0
R-000051,M-016,2023-01-03 03:00:00,2.1651,63.291,0,0
R-000052,M-016,2023-01-03 04:00:00,3.0777,65.107,0,0
R-000053,M-013,2023-01-03 05:00:00,3.2372,67.413,1,1
R-000054,M-000,2023-01-03 06:00:00,2.1954,61.681,0,0
R-000055,M-028,2023-01-03 07:00:00,3.6887,67.816,0,0
R-000056,M-024,2023-01-03 08:00:00,3.9292,69.981,0,0
R-000057,M-011,2023-01-03 09:00:00,2.8277,65.361,0,0
R-000058,M-010,2023-01-03 10:00:00,2.8076,69.611,0,0
R-000059,M-019,2023-01-03 11:00:00,3.2101,68.982,0,0
R-000060,M-026,2023-01-03 12:00:00,3.1879,70.474,0,0
R-000061,M-016,2023-01-03 13:00:00,2.964,75.275,0,0
R-000062,M-008,2023-01-03 14:00:00,3.1834,66.775,0,0
R-000063,M-003,2023-01-03 15:00:00,2.6328,66.28,0,0
R-000064,M-015,2023-01-03 16:00:00,2.5203,66.478,0,0
R-000065,M-005,2023-01-03 17:00:00,2.6264,66.235,0,0
R-000066,M-017,2023-01-03 18:00:00,3.2773,80.139,0,0
R-000067,M-024,2023-01-03 19:00:00,3.6406,68.827,0,0
R-000068,M-023,2023-01-03 20:00:00,3.5904,66.144,0,0
R-000069,M-015,2023-01-03 21:00:00,2.9445,69.65,0,0
R-000070,M-004,2023-01-03 22:00:00,2.2968,64.247,0,0
R-000071,M-020,2023-01-03 23:00:00,3.5168,69.388,0,0
R-000072,M-005,2023-01-04 00:00:00,2.6426,70.029,0,0
R-000073,M-013,2023-01-04 01:00:00,3.4561,65.987,0,0
R-000074,M-006,2023-01-04 02:00:00,2.3539,69.045,0,0
R-000075,M-025,2023-01-04 03:00:00,3.5197,75.157,0,0
R-000076,M-001,2023-01-04 04:00:00,3.2165,71.068,1,1
R-000077,M-025,2023-01-04 05:00:00,2.928,71.129,0,0
R-000078,M-007,2023-01-04 06:00:00,2.2752,59.944,0,0
R-000079,M-012,2023-01-04 07:00:00,3.2247,76.568,0,0
R-000080,M-012,2023-01-04 08:00:00,4.0811,70.74,0,0
R-000081,M-003,2023-01-04 09:00:00,2.4344,67.136,0,0
R-000082,M-023,2023-01-04 10:00:00,3.3282,68.048,1,1
R-000083,M-024,2023-01-04 11:00:00,3.5695,74.446,0,0
R-000084,M-023,2023-01-04 12:00:00,2.7988,72.207,0,0
R-000085,M-014,2023-01-04 13:00:00,3.4422,70.496,0,0
R-000086,M-027,2023-01-04 14:00:00,3.803,76.57,0,0
R-000087,M-016,2023-01-04 15:00:00,3.019,80.138,0,0
R-000088,M-017,2023-01-04 16:00:00,2.4515,57.084,0,0
R-000089,M-015,2023-01-04 17:00:00,3.8114,68.654,0,0
R-000090,M-015,2023-01-04 18:00:00,3.4287,66.686,1,1
R-000091,M-001,2023-01-04 19:00:00,2.9292,58.798,0,0
R-000092,M-025,2023-01-04 20:00:00,3.9861,66.456,1,1
R-000093,M-015,2023-01-04 21:00:00,3.0229,67.557,0,0
R-000094,M-003,2023-01-04 22:00:00,2.6933,70.482,0,0
R-000095,M-002,2023-01-04 23:00:00,2.4905,74.458,0,0
R-000096,M-027,2023-01-05 00:00:00,4.7746,66.963,1,1
R-000097,M-001,2023-01-05 01:00:00,2.1952,68.936,0,0
R-000098,M-023,2023-01-05 02:00:00,3.8702,74.098,0,0
R-000099,M-024,2023-01-05 03:00:00,2.9886,71.128,0,0
R-000100,M-017,2023-01-05 04:00:00,3.6289,68.023,0,0
R-000101,M-004,2023-01-05 05:00:00,1.8795,53.182,0,0
R-000102,M-014,2023-01-05 06:00:00,2.7227,75.682,0,0
R-000103,M-021,2023-01-05 07:00:00,3.6724,73.777,1,1
R-000104,M-001,2023-01-05 08:00:00,2.6644,63.339,0,0
R-000105,M-013,2023-01-05 09:00:00,3.2266,65.523,0,0
R-000106,M-014,2023-01-05 10:00:00,2.8516,67.406,0,0
R-000107,M-015,2023-01-05 11:00:00,3.0484,76.903,0,0
R-000108,M-023,2023-01-05 12:00:00,3.6963,71.916,0,0
R-000109,M-015,2023-01-05 13:00:00,3.6716,67.205,0,0
R-000110,M-007,2023-01-05 14:00:00,2.819,62.635,0,0
R-000111,M-005,2023-01-05 15:00:00,2.766,67.658,0,0
R-000112,M-016,2023-01-05 16:00:00,2.9135,68.604,0,0
R-000113,M-001,2023-01-05 17:00:00,1.7763,68.642,0,0
R-000114,M-001,2023-01-05 18:00:00,2.532,62.899,0,0
R-000115,M-019,2023-01-05 19:00:00,3.2864,69.087,0,0
R-000116,M-015,2023-01-05 20:00:00,3.3783,63.409,0,0
R-000117,M-003,2023-01-05 21:00:00,2.2042,64.444,0,0
R-000118,M-001,2023-01-05 22:00:00,2.2,70.58,0,0
R-000119,M-001,2023-01-05 23:00:00,1.9277,65.179,0,0
R-000120,M-014,2023-01-06 00:00:00,2.5621,66.242,0,0
R-000121,M-001,2023-01-06 01:00:00,2.3364,61.248,0,0
R-000122,M-008,2023-01-06 02:00:00,2.3462,70.555,0,0
R-000123,M-018,2023-01-06 03:00:00,2.4843,68.482,0,0
R-000124,M-003,2023-01-06 04:00:00,2.1688,64.463,0,0
R-000125,M-028,2023-01-06 05:00:00,2.8507,73.865,0,0
R-000126,M-006,2023-01-06 06:00:00,2.5375,64.831,0,0
R-000127,M-016,2023-01-06 07:00:00,2.6317,66.385,0,0
R-000128,M-028,2023-01-06 08:00:00,3.6861,73.681,0,0
R-000129,M-000,2023-01-06 09:00:00,1.7546,70.386,0,0
R-000130,M-024,2023-01-06 10:00:00,3.9347,71.896,0,0
R-000131,M-017,2023-01-06 11:00:00,2.1209,70.438,0,0
R-000132,M-009,2023-01-06 12:00:00,3.9992,65.512,0,0
R-000133,M-014,2023-01-06 13:00:00,3.6743,58.829,1,1
R-000134,M-005,2023-01-06 14:00:00,2.8968,63.415,0,0
R-000135,M-020,2023-01-06 15:00:00,3.8149,62.964,0,0
R-000136,M-024,2023-01-06 16:00:00,3.4652,70.038,0,0
R-000137,M-003,2023-01-06 17:00:00,1.9916,69.164,0,0
R-000138,M-002,2023-01-06 18:00:00,3.3479,63.859,0,0
R-000139,M-020,2023-01-06 19:00:00,3.9673,68.416,0,0
R-000140,M-013,2023-01-06 20:00:00,4.0152,74.729,0,0
R-000141,M-027,2023-01-06 21:00:00,3.8407,69.059,0,0
R-000142,M-017,2023-01-06 22:00:00,3.2808,71.36,0,0
R-000143,M-006,2023-01-06 23:00:00,3.0992,68.374,0,0
R-000144,M-026,2023-01-07 00:00:00,3.8346,72.784,1,1
R-000145,M-028,2023-01-07 01:00:00,3.973,76.077,0,0
R-000146,M-016,2023-01-07 02:00:00,3.5861,74.671,1,1
R-000147,M-018,2023-01-07 03:00:00,3.8902,73.688,0,0
R-000148,M-022,2023-01-07 04:00:00,3.4965,63.98,0,0
R-000149,M-025,2023-01-07 05:00:00,4.1654,69.743,0,0
R-000150,M-024,2023-01-07 06:00:00,2.6918,68.533,0,0
R-000151,M-006,2023-01-07 07:00:00,2.7474,58.353,0,0
R-000152,M-011,2023-01-07 08:00:00,4.1223,68.792,1,1
R-000153,M-011,2023-01-07 09:00:00,3.1965,62.846,0,0
R-000154,M-020,2023-01-07 10:00:00,2.8982,77.356,0,0
R-000155,M-026,2023-01-07 11:00:00,3.7301,71.637,0,0
R-000156,M-027,2023-01-07 12:00:00,2.7667,81.3,0,0
R-000157,M-024,2023-01-07 13:00:00,3.1839,72.74,1,1
R-000158,M-026,2023-01-07 14:00:00,4.9206,76.113,0,0
R-000159,M-017,2023-01-07 15:00:00,3.7361,66.413,0,0
R-000160,M-016,2023-01-07 16:00:00,3.3476,66.825,0,0
R-000161,M-022,2023-01-07 17:00:00,3.1814,63.577,0,0
R-000162,M-018,2023-01-07 18:00:00,3.5971,72.457,0,0
R-000163,M-017,2023-01-07 19:00:00,3.8037,79.584,0,0
R-000164,M-007,2023-01-07 20:00:00,2.8468,63.287,1,1
R-000165,M-013,2023-01-07 21:00:00,3.5255,69.687,0,0
R-000166,M-016,2023-01-07 22:00:00,3.0693,66.94,0,0
R-000167,M-009,2023-01-07 23:00:00,3.5972,64.652,0,0
R-000168,M-019,2023-01-08 00:00:00,3.0351,69.322,0,0
R-000169,M-014,2023-01-08 01:00:00,2.6301,71.097,0,0
R-000170,M-015,2023-01-08 02:00:00,2.4835,73.241,0,0
R-000171,M-015,2023-01-08 03:00:00,3.0732,66.872,0,0
R-000172,M-024,2023-01-08 04:00:00,3.9098,66.391,0,0
R-000173,M-014,2023-01-08 05:00:00,3.7186,64.926,1,1
R-000174,M-027,2023-01-08 06:00:00,3.7985,72.771,0,0
R-000175,M-000,2023-01-08 07:00:00,2.387,63.442,0,0
R-000176,M-013,2023-01-08 08:00:00,3.04,68.494,0,0
R-000177,M-029,2023-01-08 09:00:00,3.5772,72.419,0,0
R-000178,M-029,2023-01-08 10:00:00,3.8825,71.231,0,0
R-000179,M-029,2023-01-08 11:00:00,3.81,66.362,0,0
R-000180,M-015,2023-01-08 12:00:00,4.0732,70.547,0,0
R-000181,M-021,2023-01-08 13:00:00,4.5554,72.264,1,1
R-000182,M-022,2023-01-08 14:00:00,2.9541,73.604,0,0
R-000183,M-005,2023-01-08 15:00:00,3.3024,62.143,0,0
R-000184,M-005,2023-01-08 16:00:00,3.2275,71.758,0,0
R-000185,M-026,2023-01-08 17:00:00,3.2013,74.186,0,0
R-000186,M-007,2023-01-08 18:00:00,3.0227,71.499,0,0
R-000187,M-007,2023-01-08 19:00:00,2.288,77.387,0,0
R-000188,M-014,2023-01-08 20:00:00,2.4845,66.661,0,0
R-000189,M-001,2023-01-08 21:00:00,2.389,69.261,0,0
R-000190,M-001,2023-01-08 22:00:00,2.4425,71.535,0,0
R-000191,M-005,2023-01-08 23:00:00,2.7593,63.432,0,0
R-000192,M-008,2023-01-09 00:00:00,2.3707,74.282,0,0
R-000193,M-023,2023-01-09 01:00:00,3.7465,71.223,0,0
R-000194,M-004,2023-01-09 02:00:00,2.9039,72.46,0,0
R-000195,M-026,2023-01-09 03:00:00,3.8198,73.225,0,0
R-000196,M-008,2023-01-09 04:00:00,2.7586,72.422,0,0
R-000197,M-028,2023-01-09 05:00:00,4.1924,74.34,0,0
R-000198,M-024,2023-01-09 06:00:00,3.5114,61.235,0,0
R-000199,M-024,2023-01-09 07:00:00,3.6699,71.339,0,0
R-000200,M-014,2023-01-09 08:00:00,3.028,71.119,0,0
R-000201,M-009,2023-01-09 09:00:00,1.4069,69.711,0,0
R-000202,M-008,2023-01-09 10:00:00,3.6659,67.658,0,0
R-000203,M-016,2023-01-09 11:00:00,2.7747,71.535,0,0
R-000204,M-026,2023-01-09 12:00:00,3.873,69.873,0,0
R-000205,M-021,2023-01-09 13:00:00,3.7785,61.269,0,0
R-000206,M-017,2023-01-09 14:00:00,3.0046,70.054,0,0
R-000207,M-001,2023-01-09 15:00:00,2.3706,78.663,0,0
R-000208,M-020,2023-01-09 16:00:00,3.7019,70.62,0,0
R-000209,M-002,2023-01-09 17:00:00,2.2384,67.194,1,1
R-000210,M-004,2023-01-09 18:00:00,4.2703,66.472,0,0
R-000211,M-021,2023-01-09 19:00:00,3.5533,72.665,0,0
R-000212,M-015,2023-01-09 20:00:00,2.3909,72.271,0,0
R-000213,M-010,2023-01-09 21:00:00,3.3595,69.121,0,0
R-000214,M-020,2023-01-09 22:00:00,3.9088,76.93,0,0
R-000215,M-002,2023-01-09 23:00:00,3.2734,69.28,0,0
R-000216,M-022,2023-01-10 00:00:00,3.4969,78.759,0,0
R-000217,M-015,2023-01-10 01:00:00,2.4233,69.625,0,0
R-000218,M-016,2023-01-10 02:00:00,3.476,66.859,0,0
R-000219,M-002,2023-01-10 03:00:00,3.0424,69.733,0,0
R-000220,M-007,2023-01-10 04:00:00,2.5244,65.226,0,0
R-000221,M-020,2023-01-10 05:00:00,3.5354,72.996,1,1
R-000222,M-008,2023-01-10 06:00:00,2.5527,69.06,0,0
R-000223,M-002,2023-01-10 07:00:00,3.4838,74.446,0,0
R-000224,M-008,2023-01-10 08:00:00,3.5427,68.408,0,0
R-000225,M-029,2023-01-10 09:00:00,3.9825,67.794,0,0
R-000226,M-006,2023-01-10 10:00:00,2.8792,72.978,0,0
R-000227,M-024,2023-01-10 11:00:00,3.3502,74.145,0,0
R-000228,M-011,2023-01-10 12:00:00,3.6579,68.138,0,0
R-000229,M-006,2023-01-10 13:00:00,2.8368,68.276,0,0
R-000230,M-011,2023-01-10 14:00:00,3.2126,66.16,0,0
R-000231,M-004,2023-01-10 15:00:00,3.2564,65.128,0,0
R-000232,M-007,2023-01-10 16:00:00,2.8155,67.334,0,0
R-000233,M-021,2023-01-10 17:00:00,3.4549,68.951,0,0
R-000234,M-013,2023-01-10 18:00:00,2.7036,70.595,0,0
R-000235,M-007,2023-01-10 19:00:00,3.0626,62.505,0,0
R-000236,M-017,2023-01-10 20:00:00,2.7919,72.317,0,0
R-000237,M-026,2023-01-10 21:00:00,4.2224,73.858,1,1
R-000238,M-023,2023-01-10 22:00:00,3.2498,69.424,1,1
R-000239,M-022,2023-01-10 23:00:00,4.1557,64.817,0,0
R-000240,M-023,2023-01-11 00:00:00,3.9688,80.098,0,0
R-000241,M-024,2023-01-11 01:00:00,3.4744,67.733,0,0
R-000242,M-019,2023-01-11 02:00:00,3.4833,77.228,0,0
R-000243,M-011,2023-01-11 03:00:00,2.8151,64.927,0,0
R-000244,M-027,2023-01-11 04:00:00,3.9435,68.629,0,0
R-000245,M-024,2023-01-11 05:00:00,3.5306,68.483,0,0
R-000246,M-015,2023-01-11 06:00:00,3.6971,65.991,0,0
R-000247,M-027,2023-01-11 07:00:00,4.8155,70.601,0,0
R-000248,M-013,2023-01-11 08:00:00,1.9884,62.059,0,0
R-000249,M-026,2023-01-11 09:00:00,4.3495,66.944,0,0
R-000250,M-011,2023-01-11 10:00:00,3.6452,63.202,0,0
R-000251,M-008,2023-01-11 11:00:00,2.3913,70.368,0,0
R-000252,M-005,2023-01-11 12:00:00,2.6006,68.008,0,0
R-000253,M-005,2023-01-11 13:00:00,2.9299,66.944,0,0
R-000254,M-020,2023-01-11 14:00:00,3.6495,71.579,0,0
R-000255,M-002,2023-01-11 15:00:00,3.029,71.255,0,0
R-000256,M-011,2023-01-11 16:00:00,3.5235,67.269,0,0
R-000257,M-006,2023-01-11 17:00:00,2.7734,67.53,1,1
R-000258,M-019,2023-01-11 18:00:00,3.1143,68.047,0,0
R-000259,M-018,2023-01-11 19:00:00,3.0653,68.092,0,0
R-000260,M-024,2023-01-11 20:00:00,3.455,74.225,1,1
R-000261,M-009,2023-01-11 21:00:00,3.3321,65.194,0,0
R-000262,M-009,2023-01-11 22:00:00,3.2918,67.185,0,0
R-000263,M-014,2023-01-11 23:00:00,3.1981,69.922,0,0
R-000264,M-013,2023-01-12 00:00:00,2.9072,75.603,0,0
R-000265,M-026,2023-01-12 01:00:00,3.9606,68.401,0,0
R-000266,M-013,2023-01-12 02:00:00,3.1871,65.356,0,0
R-000267,M-017,2023-01-12 03:00:00,4.1239,71.615,0,0
R-000268,M-027,2023-01-12 04:00:00,3.0338,74.626,0,0
R-000269,M-012,2023-01-12 05:00:00,3.3437,66.057,0,0
R-000270,M-011,2023-01-12 06:00:00,3.7637,70.325,0,0
R-000271,M-002,2023-01-12 07:00:00,2.1903,64.113,0,0
R-000272,M-024,2023-01-12 08:00:00,3.5005,71.436,0,0
R-000273,M-019,2023-01-12 09:00:00,2.8762,75.767,0,0
R-000274,M-023,2023-01-12 10:00:00,2.3377,74.381,0,0
R-000275,M-012,2023-01-12 11:00:00,2.4486,74.924,0,0
R-000276,M-011,2023-01-12 12:00:00,3.6923,64.658,1,1
R-000277,M-004,2023-01-12 13:00:00,3.0737,66.585,0,0
R-000278,M-025,2023-01-12 14:00:00,3.3081,78.573,0,0
R-000279,M-018,2023-01-12 15:00:00,3.1019,70.527,0,0
R-000280,M-016,2023-01-12 16:00:00,3.4156,73.201,0,0
R-000281,M-018,2023-01-12 17:00:00,3.0257,70.845,0,0
R-000282,M-029,2023-01-12 18:00:00,3.6644,67.712,0,0
R-000283,M-028,2023-01-12 19:00:00,3.2528,86.127,0,0
R-000284,M-015,2023-01-12 20:00:00,3.1059,72.577,1,1
R-000285,M-000,2023-01-12 21:00:00,2.4519,57.171,0,0
R-000286,M-021,2023-01-12 22:00:00,4.2885,70.73,0,0
R-000287,M-004,2023-01-12 23:00:00,3.1758,66.315,0,0
R-000288,M-004,2023-01-13 00:00:00,2.3329,66.511,0,0
R-000289,M-009,2023-01-13 01:00:00,3.0884,66.924,0,0
R-000290,M-013,2023-01-13 02:00:00,2.992,70.757,0,0
R-000291,M-004,2023-01-13 03:00:00,3.1228,66.037,0,0
R-000292,M-008,2023-01-13 04:00:00,3.2807,73.549,0,0
R-000293,M-002,2023-01-13 05:00:00,2.9074,64.147,0,0
R-000294,M-024,2023-01-13 06:00:00,3.7466,72.882,0,0
R-000295,M-002,2023-01-13 07:00:00,2.9,68.266,0,0
R-000296,M-007,2023-01-13 08:00:00,2.494,68.998,0,0
R-000297,M-017,2023-01-13 09:00:00,3.307,63.701,0,0
R-000298,M-018,2023-01-13 10:00:00,3.4609,70.923,0,0
R-000299,M-015,2023-01-13 11:00:00,3.6261,66.961,0,0
R-000300,M-016,2023-01-13 12:00:00,3.5565,68.571,0,0
R-000301,M-003,2023-01-13 13:00:00,2.6477,65.583,0,0
R-000302,M-023,2023-01-13 14:00:00,3.1637,71.228,0,0
R-000303,M-005,2023-01-13 15:00:00,3.8137,71.333,0,0
R-000304,M-028,2023-01-13 16:00:00,4.8783,73.663,1,1
R-000305,M-005,2023-01-13 17:00:00,2.6383,75.174,0,0
R-000306,M-020,2023-01-13 18:00:00,3.8813,72.128,0,0
R-000307,M-014,2023-01-13 19:00:00,4.6014,65.34,1,1
R-000308,M-000,2023-01-13 20:00:00,2.7252,65.814,0,0
R-000309,M-015,2023-01-13 21:00:00,3.1817,73.541,0,0
R-000310,M-009,2023-01-13 22:00:00,3.377,73.391,0,0
R-000311,M-020,2023-01-13 23:00:00,3.4113,73.837,0,0
R-000312,M-029,2023-01-14 00:00:00,3.6485,75.976,0,0
R-000313,M-020,2023-01-14 01:00:00,3.3811,71.573,0,0
R-000314,M-002,2023-01-14 02:00:00,1.9883,62.484,0,0
R-000315,M-027,2023-01-14 03:00:00,3.3982,70.417,0,0
R-000316,M-011,2023-01-14 04:00:00,3.2295,63.788,0,0
R-000317,M-011,2023-01-14 05:00:00,3.7736,65.284,0,0
R-000318,M-008,2023-01-14 06:00:00,3.5218,66.08,1,1
R-000319,M-004,2023-01-14 07:00:00,2.2334,67.005,0,0
R-000320,M-005,2023-01-14 08:00:00,3.4624,66.327,0,0
R-000321,M-019,2023-01-14 09:00:00,3.5633,70.801,0,0
R-000322,M-003,2023-01-14 10:00:00,2.7901,70.809,0,0
R-000323,M-029,2023-01-14 11:00:00,3.838,70.569,0,0
R-000324,M-007,2023-01-14 12:00:00,2.8664,63.158,0,0
R-000325,M-007,2023-01-14 13:00:00,4.0119,65.947,0,0
R-000326,M-010,2023-01-14 14:00:00,3.3787,75.883,1,1
R-000327,M-018,2023-01-14 15:00:00,2.7547,70.152,0,0
R-000328,M-014,2023-01-14 16:00:00,2.4374,71.019,0,0
R-000329,M-008,2023-01-14 17:00:00,3.0811,65.972,0,0
R-000330,M-000,2023-01-14 18:00:00,2.6899,61.774,0,0
R-000331,M-010,2023-01-14 19:00:00,3.0434,68.966,0,0
R-000332,M-006,2023-01-14 20:00:00,2.861,67.585,0,0
R-000333,M-012,2023-01-14 21:00:00,2.9947,65.574,0,0
R-000334,M-008,2023-01-14 22:00:00,2.7533,70.559,1,1
R-000335,M-004,2023-01-14 23:00:00,3.3174,76.115,0,0
R-000336,M-007,2023-01-15 00:00:00,2.8025,63.668,0,0
R-000337,M-008,2023-01-15 01:00:00,3.0277,62.755,0,0
R-000338,M-011,2023-01-15 02:00:00,3.6821,73.781,0,0
R-000339,M-018,2023-01-15 03:00:00,3.8067,63.07,0,0
R-000340,M-008,2023-01-15 04:00:00,3.2871,64.501,0,0
R-000341,M-022,2023-01-15 05:00:00,2.4672,71.596,0,0
R-000342,M-018,2023-01-15 06:00:00,3.2254,70.311,0,0
R-000343,M-020,2023-01-15 07:00:00,3.7079,75.121,0,0
R-000344,M-029,2023-01-15 08:00:00,4.0252,68.353,0,0
R-000345,M-027,2023-01-15 09:00:00,3.9875,74.177,0,0
R-000346,M-017,2023-01-15 10:00:00,3.1438,71.573,0,0
R-000347,M-015,2023-01-15 11:00:00,4.0234,75.162,0,0
R-000348,M-015,2023-01-15 12:00:00,3.5425,67.693,0,0
R-000349,M-020,2023-01-15 13:00:00,3.2769,69.488,0,0
R-000350,M-026,2023-01-15 14:00:00,2.9766,74.048,0,0
R-000351,M-007,2023-01-15 15:00:00,2.3931,64.504,0,0
R-000352,M-028,2023-01-15 16:00:00,3.5574,74.759,0,0
R-000353,M-001,2023-01-15 17:00:00,1.8447,69.106,0,0
R-000354,M-016,2023-01-15 18:00:00,3.6504,67.796,0,0
R-000355,M-018,2023-01-15 19:00:00,3.6894,72.52,0,0
R-000356,M-015,2023-01-15 20:00:00,3.4683,74.781,0,0
R-000357,M-000,2023-01-15 21:00:00,2.527,63.261,0,0
R-000358,M-029,2023-01-15 22:00:00,3.6121,72.38,0,0
R-000359,M-003,2023-01-15 23:00:00,2.8544,69.889,0,0
R-000360,M-004,2023-01-16 00:00:00,2.96,64.507,0,0
R-000361,M-003,2023-01-16 01:00:00,1.53,70.396,0,0
R-000362,M-002,2023-01-16 02:00:00,2.6702,68.412,0,0
R-000363,M-011,2023-01-16 03:00:00,3.0247,64.769,0,0
R-000364,M-020,2023-01-16 04:00:00,3.6475,66.648,0,0
R-000365,M-004,2023-01-16 05:00:00,2.3543,71.255,0,0
R-000366,M-016,2023-01-16 06:00:00,2.5021,74.034,0,0
R-000367,M-028,2023-01-16 07:00:00,4.3803,69.57,1,1
R-000368,M-029,2023-01-16 08:00:00,4.0882,72.75,0,0
R-000369,M-017,2023-01-16 09:00:00,2.7901,68.913,0,0
R-000370,M-025,2023-01-16 10:00:00,3.1021,67.68,0,0
R-000371,M-017,2023-01-16 11:00:00,3.3187,63.413,0,0
R-000372,M-028,2023-01-16 12:00:00,3.4955,73.561,0,0
R-000373,M-027,2023-01-16 13:00:00,3.6062,71.854,0,0
R-000374,M-015,2023-01-16 14:00:00,3.8319,71.771,0,0
R-000375,M-023,2023-01-16 15:00:00,3.6816,78.562,0,0
R-000376,M-021,2023-01-16 16:00:00,3.9401,81.692,1,1
R-000377,M-029,2023-01-16 17:00:00,4.4479,71.752,0,0
R-000378,M-026,2023-01-16 18:00:00,2.5873,63.797,0,0
R-000379,M-014,2023-01-16 19:00:00,4.1265,78.472,1,1
R-000380,M-010,2023-01-16 20:00:00,4.285,72.043,0,0
R-000381,M-026,2023-01-16 21:00:00,4.0135,74.16,0,0
R-000382,M-017,2023-01-16 22:00:00,3.1271,70.271,0,0
R-000383,M-029,2023-01-16 23:00:00,3.8376,76.349,0,0
R-000384,M-012,2023-01-17 00:00:00,5.2197,67.613,0,0
R-000385,M-018,2023-01-17 01:00:00,3.2811,66.93,0,0
R-000386,M-007,2023-01-17 02:00:00,3.9181,66.349,0,0
R-000387,M-028,2023-01-17 03:00:00,3.8863,77.651,0,0
R-000388,M-028,2023-01-17 04:00:00,3.355,73.791,0,0
R-000389,M-023,2023-01-17 05:00:00,3.0037,74.391,0,0
R-000390,M-004,2023-01-17 06:00:00,2.6934,70.87,0,0
R-000391,M-004,2023-01-17 07:00:00,2.7517,64.098,1,1
R-000392,M-006,2023-01-17 08:00:00,3.3057,64.455,0,0
R-000393,M-024,2023-01-17 09:00:00,3.9023,69.833,1,1
R-000394,M-026,2023-01-17 10:00:00,4.829,71.025,0,0
R-000395,M-027,2023-01-17 11:00:00,3.5832,73.117,0,0
R-000396,M-021,2023-01-17 12:00:00,4.2997,70.732,0,0
R-000397,M-021,2023-01-17 13:00:00,3.8008,70.295,0,0
R-000398,M-008,2023-01-17 14:00:00,3.0459,69.835,0,0
R-000399,M-009,2023-01-17 15:00:00,2.7283,72.376,0,0
R-000400,M-007,2023-01-17 16:00:00,3.4077,72.502,0,0
R-000401,M-011,2023-01-17 17:00:00,3.4194,66.01,1,1
R-000402,M-017,2023-01-17 18:00:00,4.0659,72.202,0,0
R-000403,M-015,2023-01-17 19:00:00,2.6158,67.548,0,0
R-000404,M-023,2023-01-17 20:00:00,3.718,69.026,0,0
R-000405,M-008,2023-01-17 21:00:00,3.8054,60.51,0,0
R-000406,M-016,2023-01-17 22:00:00,3.3311,72.481,0,0
R-000407,M-008,2023-01-17 23:00:00,3.445,69.031,0,0
R-000408,M-008,2023-01-18 00:00:00,2.9547,69.375,0,0
R-000409,M-027,2023-01-18 01:00:00,4.0891,77.019,0,0
R-000410,M-005,2023-01-18 02:00:00,3.1866,61.203,0,0
R-000411,M-020,2023-01-18 03:00:00,3.3825,66.571,0,0
R-000412,M-021,2023-01-18 04:00:00,3.9209,69.507,0,0
R-000413,M-000,2023-01-18 05:00:00,2.5509,69.296,0,0
R-000414,M-028,2023-01-18 06:00:00,4.1064,74.506,0,0
R-000415,M-010,2023-01-18 07:00:00,3.1465,63.315,1,1
R-000416,M-001,2023-01-18 08:00:00,2.5816,68.052,0,0
R-000417,M-014,2023-01-18 09:00:00,3.0541,73.414,0,0
R-000418,M-017,2023-01-18 10:00:00,3.8998,65.327,0,0
R-000419,M-021,2023-01-18 11:00:00,3.7904,68.926,0,0
R-000420,M-023,2023-01-18 12:00:00,3.6203,68.655,1,1
R-000421,M-006,2023-01-18 13:00:00,3.6295,73.024,0,0
R-000422,M-017,2023-01-18 14:00:00,3.1302,63.318,0,0
R-000423,M-023,2023-01-18 15:00:00,3.0413,76.533,0,0
R-000424,M-003,2023-01-18 16:00:00,2.6209,72.186,0,0
R-000425,M-003,2023-01-18 17:00:00,3.8066,71.251,0,0
R-000426,M-000,2023-01-18 18:00:00,2.8113,65.261,0,0
R-000427,M-019,2023-01-18 19:00:00,3.5401,75.493,0,0
R-000428,M-025,2023-01-18 20:00:00,3.4679,80.14,0,0
R-000429,M-006,2023-01-18 21:00:00,3.2755,67.517,0,0
R-000430,M-010,2023-01-18 22:00:00,3.0742,68.754,0,0
R-000431,M-014,2023-01-18 23:00:00,3.1467,63.312,0,0
R-000432,M-006,2023-01-19 00:00:00,3.4328,72.819,0,0
R-000433,M-006,2023-01-19 01:00:00,3.7957,68.044,0,0
R-000434,M-023,2023-01-19 02:00:00,3.5622,76.117,0,0
R-000435,M-021,2023-01-19 03:00:00,3.9371,64.806,0,0
R-000436,M-005,2023-01-19 04:00:00,2.8225,63.788,0,0
R-000437,M-004,2023-01-19 05:00:00,2.6625,67.32,0,0
R-000438,M-012,2023-01-19 06:00:00,3.2082,74.031,0,0
R-000439,M-005,2023-01-19 07:00:00,3.0005,68.911,0,0
R-000440,M-009,2023-01-19 08:00:00,3.2325,68.062,0,0
R-000441,M-001,2023-01-19 09:00:00,2.5702,68.708,0,0
R-000442,M-003,2023-01-19 10:00:00,2.2533,66.526,0,0
R-000443,M-026,2023-01-19 11:00:00,2.9438,77.244,1,1
R-000444,M-028,2023-01-19 12:00:00,4.8478,77.169,1,1
R-000445,M-017,2023-01-19 13:00:00,3.6339,72.663,1,1
R-000446,M-002,2023-01-19 14:00:00,3.0881,66.637,0,0
R-000447,M-006,2023-01-19 15:00:00,2.8796,63.188,0,0
R-000448,M-023,2023-01-19 16:00:00,4.2834,77.672,0,0
R-000449,M-022,2023-01-19 17:00:00,3.3805,71.433,0,0
R-000450,M-026,2023-01-19 18:00:00,4.6103,70.829,0,0
R-000451,M-009,2023-01-19 19:00:00,2.5551,72.46,0,0
R-000452,M-024,2023-01-19 20:00:00,3.7916,69.128,0,0
R-000453,M-009,2023-01-19 21:00:00,3.6357,75.765,1,1
R-000454,M-018,2023-01-19 22:00:00,3.0235,76.056,0,0
R-000455,M-025,2023-01-19 23:00:00,3.4824,64.7,0,0
R-000456,M-006,2023-01-20 00:00:00,2.8356,61.295,0,0
R-000457,M-020,2023-01-20 01:00:00,3.3404,73.207,0,0
R-000458,M-007,2023-01-20 02:00:00,2.2238,71.108,0,0
R-000459,M-000,2023-01-20 03:00:00,2.805,68.34,0,0
R-000460,M-008,2023-01-20 04:00:00,4.0129,69.426,0,0
R-000461,M-004,2023-01-20 05:00:00,2.825,64.15,0,0
R-000462,M-028,2023-01-20 06:00:00,3.8791,74.68,0,0
R-000463,M-024,2023-01-20 07:00:00,3.518,72.553,0,0
R-000464,M-029,2023-01-20 08:00:00,3.9584,77.39,0,0
R-000465,M-016,2023-01-20 09:00:00,2.895,76.566,0,0
R-000466,M-007,2023-01-20 10:00:00,2.6674,72.503,0,0
R-000467,M-026,2023-01-20 11:00:00,4.0516,72.362,0,0
R-000468,M-027,2023-01-20 12:00:00,4.7466,75.582,0,0
R-000469,M-006,2023-01-20 13:00:00,4.343,69.37,0,0
R-000470,M-028,2023-01-20 14:00:00,4.4046,66.668,0,0
R-000471,M-008,2023-01-20 15:00:00,3.8997,77.028,0,0
R-000472,M-014,2023-01-20 16:00:00,3.6376,71.292,0,0
R-000473,M-000,2023-01-20 17:00:00,2.0906,60.401,0,0
R-000474,M-015,2023-01-20 18:00:00,3.0956,71.388,0,0
R-000475,M-008,2023-01-20 19:00:00,3.4582,67.273,0,0
R-000476,M-026,2023-01-20 20:00:00,4.3446,80.983,0,0
R-000477,M-004,2023-01-20 21:00:00,3.1628,66.559,0,0
R-000478,M-026,2023-01-20 22:00:00,4.7549,81.48,0,0
R-000479,M-022,2023-01-20 23:00:00,3.7892,71.205,0,0
R-000480,M-004,2023-01-21 00:00:00,2.7419,69.126,0,0
R-000481,M-020,2023-01-21 01:00:00,4.0561,71.048,1,1
R-000482,M-004,2023-01-21 02:00:00,3.025,64.018,0,0
R-000483,M-002,2023-01-21 03:00:00,3.1501,64.294,0,0
R-000484,M-029,2023-01-21 04:00:00,3.6143,75.221,0,0
R-000485,M-028,2023-01-21 05:00:00,3.832,70.873,0,0
R-000486,M-017,2023-01-21 06:00:00,4.2596,73.381,0,0
R-000487,M-013,2023-01-21 07:00:00,2.8805,70.281,0,0
R-000488,M-020,2023-01-21 08:00:00,3.2378,78.406,0,0
R-000489,M-029,2023-01-21 09:00:00,4.0452,75.007,0,0
R-000490,M-015,2023-01-21 10:00:00,3.2918,72.957,0,0
R-000491,M-006,2023-01-21 11:00:00,3.0311,71.329,0,0
R-000492,M-016,2023-01-21 12:00:00,3.8625,72.478,0,0
R-000493,M-029,2023-01-21 13:00:00,3.9622,79.564,0,0
R-000494,M-029,2023-01-21 14:00:00,3.7162,70.709,1,1
R-000495,M-019,2023-01-21 15:00:00,4.0231,63.256,0,0
R-000496,M-006,2023-01-21 16:00:00,2.9583,66.664,0,0
R-000497,M-027,2023-01-21 17:00:00,3.5406,73.251,0,0
R-000498,M-022,2023-01-21 18:00:00,3.7543,72.14,0,0
R-000499,M-022,2023-01-21 19:00:00,3.8748,73.908,0,0
R-000500,M-010,2023-01-21 20:00:00,3.0264,63.982,0,0
R-000501,M-023,2023-01-21 21:00:00,4.5999,75.124,0,0
R-000502,M-029,2023-01-21 22:00:00,4.0476,73.511,1,1
R-000503,M-003,2023-01-21 23:00:00,3.9172,63.882,0,0
R-000504,M-014,2023-01-22 00:00:00,2.8206,61.148,0,0
R-000505,M-019,2023-01-22 01:00:00,4.3772,65.487,1,1
R-000506,M-009,2023-01-22 02:00:00,3.4921,73.113,0,0
R-000507,M-006,2023-01-22 03:00:00,3.148,70.214,0,0
R-000508,M-028,2023-01-22 04:00:00,4.6968,73.18,0,0
R-000509,M-007,2023-01-22 05:00:00,3.1116,73.949,0,0
R-000510,M-013,2023-01-22 06:00:00,3.3044,70.73,0,0
R-000511,M-017,2023-01-22 07:00:00,3.0497,74.157,0,0
R-000512,M-023,2023-01-22 08:00:00,4.4471,69.533,0,0
R-000513,M-025,2023-01-22 09:00:00,3.2186,74.535,1,1
R-000514,M-024,2023-01-22 10:00:00,4.8972,67.533,0,0
R-000515,M-029,2023-01-22 11:00:00,3.7907,75.191,0,0
R-000516,M-013,2023-01-22 12:00:00,3.0063,71.781,0,0
R-000517,M-011,2023-01-22 13:00:00,3.9074,70.786,0,0
R-000518,M-005,2023-01-22 14:00:00,2.9575,77.748,0,0
R-000519,M-010,2023-01-22 15:00:00,3.6636,69.603,0,0
R-000520,M-005,2023-01-22 16:00:00,2.9662,66.12,0,0
R-000521,M-003,2023-01-22 17:00:00,2.7066,66.006,0,0
R-000522,M-017,2023-01-22 18:00:00,3.8593,65.617,0,0
R-000523,M-009,2023-01-22 19:00:00,2.3326,65.223,0,0
R-000524,M-026,2023-01-22 20:00:00,3.6736,72.896,0,0
R-000525,M-018,2023-01-22 21:00:00,3.3887,68.121,0,0
R-000526,M-016,2023-01-22 22:00:00,3.1532,73.119,0,0
R-000527,M-015,2023-01-22 23:00:00,3.1496,73.859,0,0
R-000528,M-025,2023-01-23 00:00:00,4.6157,80.019,0,0
R-000529,M-019,2023-01-23 01:00:00,3.8595,79.171,0,0
R-000530,M-020,2023-01-23 02:00:00,2.732,70.117,0,0
R-000531,M-024,2023-01-23 03:00:00,4.7713,72.41,0,0
R-000532,M-015,2023-01-23 04:00:00,3.9263,68.566,1,1
R-000533,M-019,2023-01-23 05:00:00,4.477,65.642,0,0
R-000534,M-026,2023-01-23 06:00:00,3.7519,67.444,0,0
R-000535,M-007,2023-01-23 07:00:00,3.0708,70.698,0,0
R-000536,M-011,2023-01-23 08:00:00,3.3559,67.671,0,0
R-000537,M-013,2023-01-23 09:00:00,3.7137,77.106,0,0
R-000538,M-027,2023-01-23 10:00:00,3.6266,73.395,0,0
R-000539,M-028,2023-01-23 11:00:00,3.8036,66.615,0,0
R-000540,M-016,2023-01-23 12:00:00,3.089,71.181,0,0
R-000541,M-016,2023-01-23 13:00:00,3.9584,68.743,1,1
R-000542,M-009,2023-01-23 14:00:00,3.1365,63.705,1,1
R-000543,M-013,2023-01-23 15:00:00,3.5097,70.491,0,0
R-000544,M-018,2023-01-23 16:00:00,3.5949,76.217,0,0
R-000545,M-013,2023-01-23 17:00:00,3.5907,65.901,0,0
R-000546,M-024,2023-01-23 18:00:00,3.6001,68.686,0,0
R-000547,M-023,2023-01-23 19:00:00,4.1913,72.934,0,0
R-000548,M-027,2023-01-23 20:00:00,3.308,71.568,0,0
R-000549,M-005,2023-01-23 21:00:00,2.8957,68.858,0,0
R-000550,M-002,2023-01-23 22:00:00,2.517,68.568,0,0
R-000551,M-021,2023-01-23 23:00:00,3.405,75.578,0,0
R-000552,M-004,2023-01-24 00:00:00,3.6507,59.88,0,0
R-000553,M-010,2023-01-24 01:00:00,4.135,66.382,0,0
R-000554,M-014,2023-01-24 02:00:00,3.348,77.763,0,0
R-000555,M-026,2023-01-24 03:00:00,3.1673,78.74,0,0
R-000556,M-021,2023-01-24 04:00:00,3.6342,72.496,0,0
R-000557,M-017,2023-01-24 05:00:00,4.5703,71.076,0,0
R-000558,M-025,2023-01-24 06:00:00,4.1848,68.32,0,0
R-000559,M-008,2023-01-24 07:00:00,3.0419,66.924,0,0
R-000560,M-006,2023-01-24 08:00:00,2.8367,73.979,0,0
R-000561,M-011,2023-01-24 09:00:00,4.183,65.778,0,0
R-000562,M-018,2023-01-24 10:00:00,3.6463,67.262,0,0
R-000563,M-016,2023-01-24 11:00:00,4.0351,72.028,0,0
R-000564,M-005,2023-01-24 12:00:00,3.0551,69.808,0,0
R-000565,M-004,2023-01-24 13:00:00,3.0479,70.931,0,0
R-000566,M-021,2023-01-24 14:00:00,3.5664,77.976,0,0
R-000567,M-015,2023-01-24 15:00:00,3.1242,70.014,0,0
R-000568,M-003,2023-01-24 16:00:00,2.8125,66.899,0,0
R-000569,M-018,2023-01-24 17:00:00,3.6608,72.978,0,0
R-000570,M-025,2023-01-24 18:00:00,3.4561,72.677,0,0
R-000571,M-029,2023-01-24 19:00:00,4.2806,68.1,0,0
R-000572,M-020,2023-01-24 20:00:00,4.425,76.467,1,1
R-000573,M-015,2023-01-24 21:00:00,3.9426,64.985,0,0
R-000574,M-029,2023-01-24 22:00:00,4.0048,72.149,0,0
R-000575,M-025,2023-01-24 23:00:00,3.058,69.896,0,0
R-000576,M-000,2023-01-25 00:00:00,3.4716,68.792,0,0
R-000577,M-025,2023-01-25 01:00:00,4.0998,69.76,0,0
R-000578,M-028,2023-01-25 02:00:00,4.3505,67.285,0,0
R-000579,M-005,2023-01-25 03:00:00,3.6054,69.455,0,0
R-000580,M-010,2023-01-25 04:00:00,4.2564,67.677,0,0
R-000581,M-025,2023-01-25 05:00:00,4.9121,71.036,1,1
R-000582,M-023,2023-01-25 06:00:00,4.1623,65.978,1,1
R-000583,M-027,2023-01-25 07:00:00,4.1713,70.405,1,1
R-000584,M-013,2023-01-25 08:00:00,3.2381,67.652,0,0
R-000585,M-011,2023-01-25 09:00:00,3.6315,68.678,0,0
R-000586,M-007,2023-01-25 10:00:00,3.2889,71.87,0,0
R-000587,M-001,2023-01-25 11:00:00,3.0874,61.784,0,0
R-000588,M-000,2023-01-25 12:00:00,2.6356,66.782,0,0
R-000589,M-014,2023-01-25 13:00:00,3.595,71.936,0,0
R-000590,M-019,2023-01-25 14:00:00,3.1621,77.638,0,0
R-000591,M-011,2023-01-25 15:00:00,4.0133,68.324,0,0
R-000592,M-005,2023-01-25 16:00:00,3.4814,66.89,0,0
R-000593,M-024,2023-01-25 17:00:00,4.1925,72.815,0,0
R-000594,M-009,2023-01-25 18:00:00,3.9181,63.469,0,0
R-000595,M-015,2023-01-25 19:00:00,3.0958,63.764,0,0
R-000596,M-001,2023-01-25 20:00:00,3.6395,66.338,0,0
R-000597,M-003,2023-01-25 21:00:00,2.9413,71.174,0,0
R-000598,M-013,2023-01-25 22:00:00,3.4973,73.974,0,0
R-000599,M-018,2023-01-25 23:00:00,2.5577,64.915,0,0
R-000600,M-029,2023-01-26 00:00:00,4.2454,74.95,0,0
R-000601,M-028,2023-01-26 01:00:00,4.0856,74.306,0,0
R-000602,M-007,2023-01-26 02:00:00,3.5416,64.16,0,0
R-000603,M-024,2023-01-26 03:00:00,3.559,71.087,0,0
R-000604,M-008,2023-01-26 04:00:00,2.8243,65.708,0,0
R-000605,M-001,2023-01-26 05:00:00,2.7465,71.852,0,0
R-000606,M-002,2023-01-26 06:00:00,2.8856,62.197,0,0
R-000607,M-004,2023-01-26 07:00:00,3.6508,71.293,0,0
R-000608,M-019,2023-01-26 08:00:00,4.3993,68.307,0,0
R-000609,M-014,2023-01-26 09:00:00,3.4274,64.484,0,0
R-000610,M-009,2023-01-26 10:00:00,3.2445,78.13,0,0
R-000611,M-021,2023-01-26 11:00:00,4.0885,67.871,1,1
R-000612,M-022,2023-01-26 12:00:00,4.3164,69.039,0,0
R-000613,M-015,2023-01-26 13:00:00,3.8325,71.582,0,0
R-000614,M-001,2023-01-26 14:00:00,3.0815,69.89,0,0
R-000615,M-010,2023-01-26 15:00:00,3.4996,69.369,1,1
R-000616,M-024,2023-01-26 16:00:00,4.1278,73.22,0,0
R-000617,M-000,2023-01-26 17:00:00,2.5411,71.316,0,0
R-000618,M-004,2023-01-26 18:00:00,3.5187,65.16,0,0
R-000619,M-017,2023-01-26 19:00:00,3.0817,69.018,0,0
R-000620,M-018,2023-01-26 20:00:00,3.2153,77.722,0,0
R-000621,M-010,2023-01-26 21:00:00,2.4684,71.49,0,0
R-000622,M-021,2023-01-26 22:00:00,3.3953,63.73,0,0
R-000623,M-026,2023-01-26 23:00:00,3.5434,64.998,0,0
R-000624,M-004,2023-01-27 00:00:00,2.9509,66.375,0,0
R-000625,M-000,2023-01-27 01:00:00,2.9859,73.697,0,0
R-000626,M-005,2023-01-27 02:00:00,2.2279,72.637,1,1
R-000627,M-003,2023-01-27 03:00:00,2.8959,69.877,0,0
R-000628,M-017,2023-01-27 04:00:00,2.6824,79.027,0,0
R-000629,M-005,2023-01-27 05:00:00,2.456,70.645,0,0
R-000630,M-016,2023-01-27 06:00:00,2.6008,76.364,0,0
R-000631,M-003,2023-01-27 07:00:00,3.3083,70.572,0,0
R-000632,M-005,2023-01-27 08:00:00,3.286,71.441,0,0
R-000633,M-020,2023-01-27 09:00:00,3.3189,71.797,0,0
R-000634,M-022,2023-01-27 10:00:00,3.2579,65.122,0,0
R-000635,M-025,2023-01-27 11:00:00,3.3732,71.178,0,0
R-000636,M-004,2023-01-27 12:00:00,2.7073,67.658,1,1
R-000637,M-006,2023-01-27 13:00:00,2.5556,74.981,0,0
R-000638,M-017,2023-01-27 14:00:00,2.6368,67.673,0,0
R-000639,M-013,2023-01-27 15:00:00,3.6984,69.519,0,0
R-000640,M-001,2023-01-27 16:00:00,2.3972,69.022,0,0
R-000641,M-027,2023-01-27 17:00:00,3.8038,76.687,0,0
R-000642,M-010,2023-01-27 18:00:00,3.0519,78.608,0,0
R-000643,M-021,2023-01-27 19:00:00,3.4717,72.469,0,0
R-000644,M-019,2023-01-27 20:00:00,3.5447,74.677,1,1
R-000645,M-025,2023-01-27 21:00:00,3.9035,69.64,0,0
R-000646,M-008,2023-01-27 22:00:00,3.3371,69.979,1,1
R-000647,M-024,2023-01-27 23:00:00,3.9686,74.006,0,0
R-000648,M-029,2023-01-28 00:00:00,4.6795,73.016,0,0
R-000649,M-025,2023-01-28 01:00:00,3.4354,75.584,0,0
R-000650,M-025,2023-01-28 02:00:00,4.141,65.406,0,0
R-000651,M-011,2023-01-28 03:00:00,2.7142,68.894,0,0
R-000652,M-027,2023-01-28 04:00:00,3.0394,74.043,0,0
R-000653,M-023,2023-01-28 05:00:00,3.9404,71.149,0,0
R-000654,M-017,2023-01-28 06:00:00,4.0375,74.296,0,0
R-000655,M-025,2023-01-28 07:00:00,3.9121,77.669,0,0
R-000656,M-004,2023-01-28 08:00:00,4.0471,64.388,0,0
R-000657,M-025,2023-01-28 09:00:00,4.4633,73.856,1,1
R-000658,M-018,2023-01-28 10:00:00,4.6149,72.222,0,0
R-000659,M-008,2023-01-28 11:00:00,3.195,66.947,0,0
R-000660,M-005,2023-01-28 12:00:00,2.9791,60.461,0,0
R-000661,M-010,2023-01-28 13:00:00,4.1459,77.217,0,0
R-000662,M-016,2023-01-28 14:00:00,2.2878,75.41,0,0
R-000663,M-003,2023-01-28 15:00:00,2.6923,67.723,0,0
R-000664,M-007,2023-01-28 16:00:00,3.1097,70.086,0,0
R-000665,M-022,2023-01-28 17:00:00,4.0888,71.378,0,0
R-000666,M-023,2023-01-28 18:00:00,3.5774,77.915,1,1
R-000667,M-004,2023-01-28 19:00:00,3.4622,71.797,0,0
R-000668,M-001,2023-01-28 20:00:00,2.4137,75.548,1,1
R-000669,M-022,2023-01-28 21:00:00,4.6949,78.156,0,0
R-000670,M-013,2023-01-28 22:00:00,4.1036,72.615,1,1
R-000671,M-007,2023-01-28 23:00:00,3.3972,64.473,0,0
R-000672,M-022,2023-01-29 00:00:00,4.6946,74.855,0,0
R-000673,M-013,2023-01-29 01:00:00,4.216,65.026,0,0
R-000674,M-028,2023-01-29 02:00:00,3.337,75.132,0,0
R-000675,M-014,2023-01-29 03:00:00,3.3853,70.993,1,1
R-000676,M-012,2023-01-29 04:00:00,3.8416,69.772,0,0
R-000677,M-010,2023-01-29 05:00:00,4.1186,75.699,0,0
R-000678,M-014,2023-01-29 06:00:00,4.1083,68.623,1,1
R-000679,M-002,2023-01-29 07:00:00,3.3517,70.21,0,0
R-000680,M-022,2023-01-29 08:00:00,2.6297,73.215,0,0
R-000681,M-024,2023-01-29 09:00:00,4.015,67.153,0,0
R-000682,M-022,2023-01-29 10:00:00,2.8849,69.835,0,0
R-000683,M-006,2023-01-29 11:00:00,3.145,70.252,0,0
R-000684,M-028,2023-01-29 12:00:00,3.6726,78.882,0,0
R-000685,M-004,2023-01-29 13:00:00,3.0558,62.142,0,0
R-000686,M-003,2023-01-29 14:00:00,3.3324,66.311,0,0
R-000687,M-013,2023-01-29 15:00:00,3.9735,66.518,0,0
R-000688,M-022,2023-01-29 16:00:00,4.2157,70.404,0,0
R-000689,M-016,2023-01-29 17:00:00,4.0825,67.987,0,0
R-000690,M-027,2023-01-29 18:00:00,4.175,76.332,0,0
R-000691,M-008,2023-01-29 19:00:00,3.0656,64.021,0,0
R-000692,M-020,2023-01-29 20:00:00,4.2704,72.717,0,0
R-000693,M-017,2023-01-29 21:00:00,3.7424,67.727,0,0
R-000694,M-021,2023-01-29 22:00:00,4.1337,72.813,0,0
R-000695,M-012,2023-01-29 23:00:00,3.0422,71.255,0,0
R-000696,M-026,2023-01-30 00:00:00,4.6696,73.323,0,0
R-000697,M-019,2023-01-30 01:00:00,4.2908,71.096,1,1
R-000698,M-026,2023-01-30 02:00:00,3.5669,73.645,0,0
R-000699,M-019,2023-01-30 03:00:00,3.3985,71.294,0,0
R-000700,M-002,2023-01-30 04:00:00,3.0873,67.458,0,0
R-000701,M-009,2023-01-30 05:00:00,2.5523,72.494,0,0
R-000702,M-025,2023-01-30 06:00:00,4.7344,73.981,0,0
R-000703,M-003,2023-01-30 07:00:00,2.9967,61.563,0,0
R-000704,M-015,2023-01-30 08:00:00,3.6976,68.747,1,1
R-000705,M-016,2023-01-30 09:00:00,3.3207,66.161,0,0
R-000706,M-024,2023-01-30 10:00:00,4.3311,75.855,0,0
R-000707,M-008,2023-01-30 11:00:00,4.0353,69.934,0,0
R-000708,M-013,2023-01-30 12:00:00,2.7878,76.075,0,0
R-000709,M-007,2023-01-30 13:00:00,3.6588,70.957,0,0
R-000710,M-027,2023-01-30 14:00:00,5.0769,65.638,1,1
R-000711,M-019,2023-01-30 15:00:00,3.2954,68.057,1,1
R-000712,M-015,2023-01-30 16:00:00,3.6801,74.612,0,0
R-000713,M-017,2023-01-30 17:00:00,3.9872,76.617,0,0
R-000714,M-022,2023-01-30 18:00:00,4.0265,64.769,1,1
R-000715,M-001,2023-01-30 19:00:00,3.3771,67.905,1,1
R-000716,M-019,2023-01-30 20:00:00,3.02,74.313,0,0
R-000717,M-001,2023-01-30 21:00:00,3.4977,66.05,0,0
R-000718,M-002,2023-01-30 22:00:00,3.0282,68.424,0,0
R-000719,M-020,2023-01-30 23:00:00,2.755,71.998,0,0
R-000720,M-023,2023-01-31 00:00:00,4.3785,72.935,0,0
R-000721,M-025,2023-01-31 01:00:00,4.5104,71.992,0,0
R-000722,M-017,2023-01-31 02:00:00,3.3354,78.195,0,0
R-000723,M-029,2023-01-31 03:00:00,3.9802,80.08,0,0
R-000724,M-025,2023-01-31 04:00:00,3.5174,73.138,0,0
R-000725,M-003,2023-01-31 05:00:00,2.1799,72.22,0,0
R-000726,M-009,2023-01-31 06:00:00,2.2299,69.733,0,0
R-000727,M-018,2023-01-31 07:00:00,3.8022,71.592,1,1
R-000728,M-004,2023-01-31 08:00:00,3.1237,65.932,0,0
R-000729,M-013,2023-01-31 09:00:00,2.8715,71.781,0,0
R-000730,M-008,2023-01-31 10:00:00,2.6538,67.17,1,1
R-000731,M-023,2023-01-31 11:00:00,4.0854,78.177,0,0
R-000732,M-002,2023-01-31 12:00:00,2.2208,71.703,0,0
R-000733,M-018,2023-01-31 13:00:00,3.6748,70.289,0,0
R-000734,M-008,2023-01-31 14:00:00,3.706,69.785,1,1
R-000735,M-003,2023-01-31 15:00:00,2.4909,71.469,1,1
R-000736,M-016,2023-01-31 16:00:00,2.6309,72.312,0,0
R-000737,M-023,2023-01-31 17:00:00,4.123,69.649,0,0
R-000738,M-024,2023-01-31 18:00:00,3.9822,76.2,0,0
R-000739,M-008,2023-01-31 19:00:00,4.3075,68.721,0,0
R-000740,M-027,2023-01-31 20:00:00,3.5227,79.64,1,1
R-000741,M-008,2023-01-31 21:00:00,4.0717,75.524,1,1
R-000742,M-018,2023-01-31 22:00:00,3.2194,71.34,0,0
R-000743,M-012,2023-01-31 23:00:00,3.8346,74.451,0,0
R-000744,M-014,2023-02-01 00:00:00,3.5187,65.426,0,0
R-000745,M-006,2023-02-01 01:00:00,3.6229,69.41,0,0
R-000746,M-029,2023-02-01 02:00:00,4.5192,72.936,1,1
R-000747,M-024,2023-02-01 03:00:00,3.5034,77.607,0,0
R-000748,M-019,2023-02-01 04:00:00,3.4658,73.366,0,0
R-000749,M-007,2023-02-01 05:00:00,3.7764,66.874,0,0
R-000750,M-025,2023-02-01 06:00:00,4.3312,70.585,0,0
R-000751,M-005,2023-02-01 07:00:00,2.7882,63.68,0,0
R-000752,M-013,2023-02-01 08:00:00,3.389,71.264,0,0
R-000753,M-015,2023-02-01 09:00:00,3.2792,75.731,0,0
R-000754,M-029,2023-02-01 10:00:00,4.0041,74.157,0,0
R-000755,M-015,2023-02-01 11:00:00,3.6035,72.371,0,0
R-000756,M-014,2023-02-01 12:00:00,3.2869,64.652,0,0
R-000757,M-005,2023-02-01 13:00:00,2.8999,72.044,0,0
R-000758,M-019,2023-02-01 14:00:00,4.6715,68.026,0,0
R-000759,M-024,2023-02-01 15:00:00,3.7557,74.324,1,1
R-000760,M-021,2023-02-01 16:00:00,4.4775,68.977,0,0
R-000761,M-001,2023-02-01 17:00:00,2.622,66.133,0,0
R-000762,M-012,2023-02-01 18:00:00,2.9098,69.468,0,0
R-000763,M-021,2023-02-01 19:00:00,4.29,77.756,1,1
R-000764,M-013,2023-02-01 20:00:00,3.7663,69.758,0,0
R-000765,M-002,2023-02-01 21:00:00,3.2287,69.467,0,0
R-000766,M-016,2023-02-01 22:00:00,4.3117,72.097,1,1
R-000767,M-022,2023-02-01 23:00:00,3.5774,69.947,0,0
R-000768,M-025,2023-02-02 00:00:00,4.6679,71.505,0,0
R-000769,M-024,2023-02-02 01:00:00,4.9669,64.963,0,0
R-000770,M-014,2023-02-02 02:00:00,3.6186,74.505,0,0
R-000771,M-006,2023-02-02 03:00:00,4.5755,75.233,1,1
R-000772,M-005,2023-02-02 04:00:00,3.4995,67.417,0,0
R-000773,M-013,2023-02-02 05:00:00,3.2534,67.571,1,1
R-000774,M-018,2023-02-02 06:00:00,3.6464,69.911,0,0
R-000775,M-014,2023-02-02 07:00:00,3.4958,65.335,0,0
R-000776,M-017,2023-02-02 08:00:00,3.2295,67.78,0,0
R-000777,M-014,2023-02-02 09:00:00,4.6499,74.797,0,0
R-000778,M-009,2023-02-02 10:00:00,3.5836,72.462,0,0
R-000779,M-015,2023-02-02 11:00:00,4.164,75.155,0,0
R-000780,M-018,2023-02-02 12:00:00,3.9223,68.39,0,0
R-000781,M-020,2023-02-02 13:00:00,4.313,69.001,0,0
R-000782,M-022,2023-02-02 14:00:00,3.9386,69.247,0,0
R-000783,M-027,2023-02-02 15:00:00,4.3404,75.537,1,1
R-000784,M-027,2023-02-02 16:00:00,4.08,69.991,0,0
R-000785,M-021,2023-02-02 17:00:00,4.054,70.02,1,1
R-000786,M-005,2023-02-02 18:00:00,2.8252,65.688,0,0
R-000787,M-026,2023-02-02 19:00:00,3.5557,73.159,0,0
R-000788,M-006,2023-02-02 20:00:00,2.5466,60.682,0,0
R-000789,M-015,2023-02-02 21:00:00,3.6489,66.476,0,0
R-000790,M-014,2023-02-02 22:00:00,3.2806,71.885,0,0
R-000791,M-003,2023-02-02 23:00:00,2.8147,63.243,0,0
R-000792,M-003,2023-02-03 00:00:00,4.1384,66.296,0,0
R-000793,M-009,2023-02-03 01:00:00,3.6364,69.236,0,0
R-000794,M-027,2023-02-03 02:00:00,4.7558,71.783,1,1
R-000795,M-014,2023-02-03 03:00:00,4.0421,74.285,0,0
R-000796,M-007,2023-02-03 04:00:00,2.777,67.985,0,0
R-000797,M-015,2023-02-03 05:00:00,3.8974,64.565,0,0
R-000798,M-006,2023-02-03 06:00:00,4.0042,66.468,1,1
R-000799,M-020,2023-02-03 07:00:00,3.7902,71.579,1,1
R-000800,M-021,2023-02-03 08:00:00,3.4259,70.262,0,0
R-000801,M-019,2023-02-03 09:00:00,2.7726,78.798,0,0
R-000802,M-015,2023-02-03 10:00:00,3.1345,73.175,0,0
R-000803,M-018,2023-02-03 11:00:00,3.7046,73.634,0,0
R-000804,M-021,2023-02-03 12:00:00,3.9866,78.252,0,0
R-000805,M-012,2023-02-03 13:00:00,3.1688,73.685,0,0
R-000806,M-016,2023-02-03 14:00:00,3.1169,71.556,0,0
R-000807,M-009,2023-02-03 15:00:00,3.7263,72.334,0,0
R-000808,M-024,2023-02-03 16:00:00,4.103,80.705,0,0
R-000809,M-002,2023-02-03 17:00:00,3.5255,67.551,0,0
R-000810,M-003,2023-02-03 18:00:00,3.4974,69.939,0,0
R-000811,M-005,2023-02-03 19:00:00,3.4613,73.052,0,0
R-000812,M-028,2023-02-03 20:00:00,3.7619,70.396,0,0
R-000813,M-021,2023-02-03 21:00:00,3.1003,68.553,0,0
R-000814,M-005,2023-02-03 22:00:00,3.1498,68.687,0,0
R-000815,M-025,2023-02-03 23:00:00,3.6225,70.102,0,0
R-000816,M-017,2023-02-04 00:00:00,3.0936,72.979,0,0
R-000817,M-012,2023-02-04 01:00:00,3.2349,68.897,0,0
R-000818,M-027,2023-02-04 02:00:00,4.2323,74.813,1,1
R-000819,M-006,2023-02-04 03:00:00,2.7613,70.931,0,0
R-000820,M-012,2023-02-04 04:00:00,3.9452,67.524,0,0
R-000821,M-022,2023-02-04 05:00:00,4.1637,75.285,0,0
R-000822,M-023,2023-02-04 06:00:00,3.9352,79.709,0,0
R-000823,M-009,2023-02-04 07:00:00,3.2825,70.622,0,0
R-000824,M-021,2023-02-04 08:00:00,3.8003,69.492,0,0
R-000825,M-015,2023-02-04 09:00:00,3.9421,70.548,0,0
R-000826,M-022,2023-02-04 10:00:00,3.4759,73.73,0,0
R-000827,M-018,2023-02-04 11:00:00,3.8296,72.732,1,1
R-000828,M-008,2023-02-04 12:00:00,3.5529,70.012,0,0
R-000829,M-013,2023-02-04 13:00:00,3.5339,67.698,0,0
R-000830,M-009,2023-02-04 14:00:00,4.4113,76.362,0,0
R-000831,M-020,2023-02-04 15:00:00,3.4205,80.242,0,0
R-000832,M-009,2023-02-04 16:00:00,3.6918,70.858,0,0
R-000833,M-026,2023-02-04 17:00:00,4.6915,73.501,0,0
R-000834,M-024,2023-02-04 18:00:00,3.5979,73.22,0,0
R-000835,M-000,2023-02-04 19:00:00,3.5167,76.193,0,0
R-000836,M-022,2023-02-04 20:00:00,4.3333,74.98,0,0
R-000837,M-009,2023-02-04 21:00:00,3.9177,72.954,0,0
R-000838,M-022,2023-02-04 22:00:00,4.0672,74.928,0,0
R-000839,M-013,2023-02-04 23:00:00,3.8138,75.871,1,1
R-000840,M-011,2023-02-05 00:00:00,3.6286,69.649,0,0
R-000841,M-012,2023-02-05 01:00:00,3.6181,67.567,0,0
R-000842,M-003,2023-02-05 02:00:00,2.6871,63.746,0,0
R-000843,M-002,2023-02-05 03:00:00,3.4925,60.8,0,0
R-000844,M-025,2023-02-05 04:00:00,4.3128,76.329,0,0
R-000845,M-024,2023-02-05 05:00:00,3.3694,69.395,1,1
R-000846,M-007,2023-02-05 06:00:00,2.9827,68.381,0,0
R-000847,M-016,2023-02-05 07:00:00,3.1917,68.692,0,0
R-000848,M-015,2023-02-05 08:00:00,5.1147,82.412,1,1
R-000849,M-029,2023-02-05 09:00:00,3.9776,64.703,0,0
R-000850,M-011,2023-02-05 10:00:00,3.2552,70.413,0,0
R-000851,M-005,2023-02-05 11:00:00,2.8052,72.202,0,0
R-000852,M-020,2023-02-05 12:00:00,3.3391,65.502,0,0
R-000853,M-029,2023-02-05 13:00:00,4.4382,73.514,0,0
R-000854,M-024,2023-02-05 14:00:00,4.2856,76.024,0,0
R-000855,M-017,2023-02-05 15:00:00,3.6448,69.393,0,0
R-000856,M-000,2023-02-05 16:00:00,2.1351,75.357,0,0
R-000857,M-007,2023-02-05 17:00:00,3.8547,77.405,0,0
R-000858,M-029,2023-02-05 18:00:00,4.3008,78.792,0,0
R-000859,M-004,2023-02-05 19:00:00,3.4777,68.533,0,0
R-000860,M-028,2023-02-05 20:00:00,4.0942,73.923,0,0
R-000861,M-025,2023-02-05 21:00:00,3.682,74.632,0,0
R-000862,M-025,2023-02-05 22:00:00,4.3327,71.758,0,0
R-000863,M-023,2023-02-05 23:00:00,3.6537,79.02,0,0
R-000864,M-024,2023-02-06 00:00:00,4.56,73.749,0,0
R-000865,M-027,2023-02-06 01:00:00,3.1518,66.458,0,0
R-000866,M-016,2023-02-06 02:00:00,3.496,67.339,0,0
R-000867,M-024,2023-02-06 03:00:00,3.2339,76.159,0,0
R-000868,M-012,2023-02-06 04:00:00,3.7638,73.349,0,0
R-000869,M-026,2023-02-06 05:00:00,4.2471,74.606,1,1
R-000870,M-017,2023-02-06 06:00:00,3.4093,67.175,1,1
R-000871,M-022,2023-02-06 07:00:00,3.79,66.958,0,0
R-000872,M-012,2023-02-06 08:00:00,3.2196,68.519,0,0
R-000873,M-029,2023-02-06 09:00:00,4.1822,78.668,0,0
R-000874,M-029,2023-02-06 10:00:00,4.657,78.27,0,0
R-000875,M-007,2023-02-06 11:00:00,3.0821,72.933,0,0
R-000876,M-018,2023-02-06 12:00:00,3.3061,70.435,0,0
R-000877,M-028,2023-02-06 13:00:00,4.2584,74.003,0,0
R-000878,M-006,2023-02-06 14:00:00,2.6275,72.067,0,0
R-000879,M-000,2023-02-06 15:00:00,3.3702,67.33,0,0
R-000880,M-025,2023-02-06 16:00:00,4.2855,72.23,0,0
R-000881,M-016,2023-02-06 17:00:00,3.0655,64.978,0,0
R-000882,M-029,2023-02-06 18:00:00,4.4732,78.597,0,0
R-000883,M-005,2023-02-06 19:00:00,2.9935,71.325,0,0
R-000884,M-022,2023-02-06 20:00:00,4.4563,68.25,0,0
R-000885,M-027,2023-02-06 21:00:00,4.2319,76.515,0,0
R-000886,M-000,2023-02-06 22:00:00,2.7186,69.733,0,0
R-000887,M-016,2023-02-06 23:00:00,4.0155,69.52,0,0
R-000888,M-007,2023-02-07 00:00:00,3.0482,71.0,0,0
R-000889,M-009,2023-02-07 01:00:00,3.2399,75.295,0,0
R-000890,M-016,2023-02-07 02:00:00,3.6165,74.185,1,1
R-000891,M-017,2023-02-07 03:00:00,3.543,69.007,0,0
R-000892,M-024,2023-02-07 04:00:00,4.437,73.069,0,0
R-000893,M-029,2023-02-07 05:00:00,3.7227,70.96,0,0
R-000894,M-001,2023-02-07 06:00:00,2.9268,64.258,0,0
R-000895,M-018,2023-02-07 07:00:00,4.1147,74.506,0,0
R-000896,M-002,2023-02-07 08:00:00,2.8787,65.646,1,1
R-000897,M-029,2023-02-07 09:00:00,4.865,71.022,0,0
R-000898,M-007,2023-02-07 10:00:00,3.5309,67.709,0,0
R-000899,M-001,2023-02-07 11:00:00,2.9544,61.324,1,1
R-000900,M-017,2023-02-07 12:00:00,4.0122,73.534,0,0
R-000901,M-021,2023-02-07 13:00:00,3.0944,73.452,0,0
R-000902,M-027,2023-02-07 14:00:00,4.4395,69.97,0,0
R-000903,M-012,2023-02-07 15:00:00,3.9531,74.745,0,0
R-000904,M-007,2023-02-07 16:00:00,3.4994,72.505,0,0
R-000905,M-022,2023-02-07 17:00:00,3.6558,74.831,0,0
R-000906,M-013,2023-02-07 18:00:00,3.1085,76.688,0,0
R-000907,M-000,2023-02-07 19:00:00,3.4302,72.604,0,0
R-000908,M-008,2023-02-07 20:00:00,3.6925,76.042,0,0
R-000909,M-006,2023-02-07 21:00:00,3.8805,69.071,0,0
R-000910,M-018,2023-02-07 22:00:00,3.4931,74.385,0,0
R-000911,M-025,2023-02-07 23:00:00,3.8056,74.032,0,0
R-000912,M-012,2023-02-08 00:00:00,3.2518,75.625,0,0
R-000913,M-027,2023-02-08 01:00:00,3.9411,72.465,0,0
R-000914,M-011,2023-02-08 02:00:00,4.2399,76.882,1,1
R-000915,M-003,2023-02-08 03:00:00,3.2094,78.079,0,0
R-000916,M-016,2023-02-08 04:00:00,4.2523,66.863,0,0
R-000917,M-006,2023-02-08 05:00:00,3.1051,73.595,0,0
R-000918,M-010,2023-02-08 06:00:00,3.0482,70.288,0,0
R-000919,M-027,2023-02-08 07:00:00,3.1664,85.291,0,0
R-000920,M-004,2023-02-08 08:00:00,3.0506,69.823,0,0
R-000921,M-028,2023-02-08 09:00:00,4.8735,77.927,0,0
R-000922,M-020,2023-02-08 10:00:00,3.1523,75.878,0,0
R-000923,M-022,2023-02-08 11:00:00,3.9283,68.163,0,0
R-000924,M-009,2023-02-08 12:00:00,3.3029,71.135,0,0
R-000925,M-018,2023-02-08 13:00:00,3.1409,69.208,0,0
R-000926,M-012,2023-02-08 14:00:00,3.3957,66.646,0,0
R-000927,M-027,2023-02-08 15:00:00,4.3886,74.65,0,0
R-000928,M-019,2023-02-08 16:00:00,4.2462,72.334,0,0
R-000929,M-000,2023-02-08 17:00:00,3.0492,74.456,0,0
R-000930,M-023,2023-02-08 18:00:00,4.3323,73.586,0,0
R-000931,M-019,2023-02-08 19:00:00,4.4108,72.094,0,0
R-000932,M-014,2023-02-08 20:00:00,3.272,73.966,0,0
R-000933,M-003,2023-02-08 21:00:00,2.0108,67.698,0,0
R-000934,M-000,2023-02-08 22:00:00,3.1823,69.288,0,0
R-000935,M-010,2023-02-08 23:00:00,3.6458,74.025,0,0
R-000936,M-008,2023-02-09 00:00:00,3.0494,66.818,0,0
R-000937,M-009,2023-02-09 01:00:00,2.6528,79.815,0,0
R-000938,M-005,2023-02-09 02:00:00,2.8984,66.882,0,0
R-000939,M-015,2023-02-09 03:00:00,4.0732,75.32,0,0
R-000940,M-019,2023-02-09 04:00:00,4.0183,68.364,0,0
R-000941,M-006,2023-02-09 05:00:00,3.5778,68.013,0,0
R-000942,M-009,2023-02-09 06:00:00,3.3064,63.455,0,0
R-000943,M-010,2023-02-09 07:00:00,3.3804,64.352,0,0
R-000944,M-029,2023-02-09 08:00:00,3.7892,77.613,0,0
R-000945,M-002,2023-02-09 09:00:00,3.6452,59.07,0,0
R-000946,M-001,2023-02-09 10:00:00,2.7533,68.516,1,1
R-000947,M-029,2023-02-09 11:00:00,4.7055,64.326,0,0
R-000948,M-023,2023-02-09 12:00:00,3.671,77.032,0,0
R-000949,M-016,2023-02-09 13:00:00,4.0814,71.169,1,1
R-000950,M-014,2023-02-09 14:00:00,4.2512,70.195,0,0
R-000951,M-017,2023-02-09 15:00:00,3.749,76.681,0,0
R-000952,M-018,2023-02-09 16:00:00,3.3803,71.371,0,0
R-000953,M-023,2023-02-09 17:00:00,3.718,74.515,0,0
R-000954,M-022,2023-02-09 18:00:00,3.582,70.068,0,0
R-000955,M-018,2023-02-09 19:00:00,4.3126,73.778,0,0
R-000956,M-011,2023-02-09 20:00:00,4.0302,74.338,0,0
R-000957,M-008,2023-02-09 21:00:00,3.2339,65.39,0,0
R-000958,M-014,2023-02-09 22:00:00,3.6141,78.359,1,1
R-000959,M-021,2023-02-09 23:00:00,3.672,77.909,0,0
R-000960,M-007,2023-02-10 00:00:00,4.3633,66.341,0,0
R-000961,M-012,2023-02-10 01:00:00,3.4162,72.806,0,0
R-000962,M-025,2023-02-10 02:00:00,4.175,86.967,0,0
R-000963,M-013,2023-02-10 03:00:00,3.3186,64.031,0,0
R-000964,M-009,2023-02-10 04:00:00,2.9215,65.502,0,0
R-000965,M-003,2023-02-10 05:00:00,2.9349,65.62,0,0
R-000966,M-028,2023-02-10 06:00:00,4.3342,82.889,1,1
R-000967,M-020,2023-02-10 07:00:00,3.9337,74.23,0,0
R-000968,M-009,2023-02-10 08:00:00,3.0449,63.944,0,0
R-000969,M-013,2023-02-10 09:00:00,3.494,75.901,0,0
R-000970,M-023,2023-02-10 10:00:00,4.5826,75.116,1,1
R-000971,M-006,2023-02-10 11:00:00,3.4875,71.965,1,1
R-000972,M-001,2023-02-10 12:00:00,2.6499,70.418,0,0
R-000973,M-023,2023-02-10 13:00:00,4.0118,74.598,0,0
R-000974,M-006,2023-02-10 14:00:00,3.0378,66.481,0,0
R-000975,M-005,2023-02-10 15:00:00,3.7743,68.313,0,0
R-000976,M-017,2023-02-10 16:00:00,3.1664,73.932,0,0
R-000977,M-004,2023-02-10 17:00:00,3.3898,72.775,0,0
R-000978,M-023,2023-02-10 18:00:00,3.7838,76.982,0,0
R-000979,M-021,2023-02-10 19:00:00,4.6702,68.414,0,0
R-000980,M-014,2023-02-10 20:00:00,3.6495,65.875,0,0
R-000981,M-028,2023-02-10 21:00:00,4.7862,79.459,1,1
R-000982,M-013,2023-02-10 22:00:00,3.0487,71.838,0,0
R-000983,M-028,2023-02-10 23:00:00,4.0133,77.0,0,0
R-000984,M-007,2023-02-11 00:00:00,4.4946,71.547,0,0
R-000985,M-028,2023-02-11 01:00:00,3.9654,75.398,0,0
R-000986,M-027,2023-02-11 02:00:00,4.4401,71.426,1,1
R-000987,M-007,2023-02-11 03:00:00,3.7095,62.948,0,0
R-000988,M-000,2023-02-11 04:00:00,2.6588,69.245,0,0
R-000989,M-010,2023-02-11 05:00:00,3.0279,71.621,0,0
R-000990,M-008,2023-02-11 06:00:00,3.3334,67.564,0,0
R-000991,M-017,2023-02-11 07:00:00,4.3212,71.279,1,1
R-000992,M-001,2023-02-11 08:00:00,3.2043,68.064,0,0
R-000993,M-012,2023-02-11 09:00:00,2.9364,70.769,0,0
R-000994,M-022,2023-02-11 10:00:00,4.0183,73.151,0,0
R-000995,M-029,2023-02-11 11:00:00,4.6579,73.558,1,1
R-000996,M-010,2023-02-11 12:00:00,3.4501,71.703,0,0
R-000997,M-017,2023-02-11 13:00:00,3.0992,67.024,0,0
R-000998,M-027,2023-02-11 14:00:00,3.497,80.123,0,0
R-000999,M-002,2023-02-11 15:00:00,3.83,65.761,0,0
R-001000,M-012,2023-02-11 16:00:00,4.5221,73.189,1,1
R-001001,M-011,2023-02-11 17:00:00,3.6741,60.411,0,0
R-001002,M-016,2023-02-11 18:00:00,3.1077,72.027,0,0
R-001003,M-027,2023-02-11 19:00:00,3.6822,70.601,0,0
R-001004,M-006,2023-02-11 20:00:00,3.3442,61.714,0,0
R-001005,M-023,2023-02-11 21:00:00,4.1559,75.717,0,0
R-001006,M-004,2023-02-11 22:00:00,3.4981,71.707,0,0
R-001007,M-006,2023-02-11 23:00:00,3.4884,68.007,0,0
R-001008,M-026,2023-02-12 00:00:00,4.3063,76.837,0,0
R-001009,M-003,2023-02-12 01:00:00,3.3994,72.653,1,1
R-001010,M-002,2023-02-12 02:00:00,3.695,67.373,0,0
R-001011,M-019,2023-02-12 03:00:00,5.0605,63.916,0,0
R-001012,M-011,2023-02-12 04:00:00,3.8998,65.577,0,0
R-001013,M-022,2023-02-12 05:00:00,4.3678,71.691,0,0
R-001014,M-019,2023-02-12 06:00:00,3.2369,73.93,0,0
R-001015,M-012,2023-02-12 07:00:00,3.8104,64.628,1,1
R-001016,M-010,2023-02-12 08:00:00,3.2417,68.262,0,0
R-001017,M-003,2023-02-12 09:00:00,3.4343,64.967,0,0
R-001018,M-016,2023-02-12 10:00:00,2.976,71.049,0,0
R-001019,M-022,2023-02-12 11:00:00,3.8572,70.918,0,0
R-001020,M-024,2023-02-12 12:00:00,4.9291,73.975,0,0
R-001021,M-001,2023-02-12 13:00:00,3.936,75.458,0,0
R-001022,M-023,2023-02-12 14:00:00,3.7276,74.231,0,0
R-001023,M-019,2023-02-12 15:00:00,4.2161,63.371,1,1
R-001024,M-025,2023-02-12 16:00:00,3.9952,73.405,0,0
R-001025,M-004,2023-02-12 17:00:00,3.3081,68.512,0,0
R-001026,M-024,2023-02-12 18:00:00,3.6743,72.166,0,0
R-001027,M-014,2023-02-12 19:00:00,3.9646,68.629,1,1
R-001028,M-010,2023-02-12 20:00:00,4.4874,65.272,0,0
R-001029,M-023,2023-02-12 21:00:00,4.9188,71.472,0,0
R-001030,M-024,2023-02-12 22:00:00,4.5968,79.047,0,0
R-001031,M-027,2023-02-12 23:00:00,3.8365,77.658,0,0
R-001032,M-025,2023-02-13 00:00:00,3.3355,76.718,1,1
R-001033,M-019,2023-02-13 01:00:00,3.9567,70.251,0,0
R-001034,M-026,2023-02-13 02:00:00,4.4677,70.127,0,0
R-001035,M-000,2023-02-13 03:00:00,3.7826,70.468,0,0
R-001036,M-006,2023-02-13 04:00:00,3.4564,70.694,1,1
R-001037,M-026,2023-02-13 05:00:00,4.6898,81.678,0,0
R-001038,M-023,2023-02-13 06:00:00,3.7966,73.61,0,0
R-001039,M-018,2023-02-13 07:00:00,3.8329,70.665,0,0
R-001040,M-005,2023-02-13 08:00:00,2.8018,71.239,0,0
R-001041,M-006,2023-02-13 09:00:00,4.235,63.241,0,0
R-001042,M-017,2023-02-13 10:00:00,3.8094,73.216,0,0
R-001043,M-025,2023-02-13 11:00:00,3.8354,75.975,1,1
R-001044,M-011,2023-02-13 12:00:00,2.8479,75.727,0,0
R-001045,M-021,2023-02-13 13:00:00,4.3888,65.23,0,0
R-001046,M-014,2023-02-13 14:00:00,4.2128,77.217,0,0
R-001047,M-009,2023-02-13 15:00:00,3.9427,70.659,0,0
R-001048,M-018,2023-02-13 16:00:00,3.3088,72.56,0,0
R-001049,M-003,2023-02-13 17:00:00,3.5605,71.936,0,0
R-001050,M-017,2023-02-13 18:00:00,3.8636,68.557,0,0
R-001051,M-029,2023-02-13 19:00:00,4.0851,81.923,0,0
R-001052,M-009,2023-02-13 20:00:00,3.2829,71.02,0,0
R-001053,M-007,2023-02-13 21:00:00,3.273,67.309,0,0
R-001054,M-028,2023-02-13 22:00:00,4.38,74.899,0,0
R-001055,M-017,2023-02-13 23:00:00,3.9775,72.096,0,0
R-001056,M-018,2023-02-14 00:00:00,3.5927,76.836,0,0
R-001057,M-015,2023-02-14 01:00:00,4.3451,74.392,0,0
R-001058,M-028,2023-02-14 02:00:00,4.4945,74.804,1,1
R-001059,M-011,2023-02-14 03:00:00,3.6917,77.536,0,0
R-001060,M-014,2023-02-14 04:00:00,3.6969,68.071,0,0
R-001061,M-003,2023-02-14 05:00:00,3.5448,63.376,1,1
R-001062,M-021,2023-02-14 06:00:00,4.848,68.452,0,0
R-001063,M-012,2023-02-14 07:00:00,4.0923,73.984,1,1
R-001064,M-005,2023-02-14 08:00:00,2.6846,61.541,0,0
R-001065,M-022,2023-02-14 09:00:00,3.6984,78.163,0,0
R-001066,M-004,2023-02-14 10:00:00,3.8781,68.526,0,0
R-001067,M-003,2023-02-14 11:00:00,3.5926,74.569,1,1
R-001068,M-029,2023-02-14 12:00:00,4.6992,71.827,0,0
R-001069,M-029,2023-02-14 13:00:00,4.9505,76.776,0,0
R-001070,M-008,2023-02-14 14:00:00,3.7716,69.444,0,0
R-001071,M-008,2023-02-14 15:00:00,3.0221,73.478,0,0
R-001072,M-005,2023-02-14 16:00:00,3.413,66.121,0,0
R-001073,M-005,2023-02-14 17:00:00,3.7382,72.054,0,0
R-001074,M-011,2023-02-14 18:00:00,3.9616,62.472,0,0
R-001075,M-010,2023-02-14 19:00:00,4.0218,72.795,1,1
R-001076,M-017,2023-02-14 20:00:00,3.0601,73.049,0,0
R-001077,M-014,2023-02-14 21:00:00,4.1922,76.265,0,0
R-001078,M-009,2023-02-14 22:00:00,3.5084,66.295,0,0
R-001079,M-020,2023-02-14 23:00:00,3.7502,73.864,0,0
R-001080,M-011,2023-02-15 00:00:00,3.8891,74.463,1,1
R-001081,M-021,2023-02-15 01:00:00,5.0438,72.088,0,0
R-001082,M-003,2023-02-15 02:00:00,3.4932,78.797,0,0
R-001083,M-027,2023-02-15 03:00:00,3.8426,77.77,0,0
R-001084,M-003,2023-02-15 04:00:00,3.6529,65.775,0,0
R-001085,M-010,2023-02-15 05:00:00,4.0278,66.524,1,1
R-001086,M-026,2023-02-15 06:00:00,3.645,79.954,0,0
R-001087,M-025,2023-02-15 07:00:00,4.2417,79.402,0,0
R-001088,M-008,2023-02-15 08:00:00,3.4174,74.654,0,0
R-001089,M-026,2023-02-15 09:00:00,4.1639,66.617,0,0
R-001090,M-004,2023-02-15 10:00:00,2.7744,71.273,0,0
R-001091,M-020,2023-02-15 11:00:00,3.7897,73.035,0,0
R-001092,M-017,2023-02-15 12:00:00,3.9901,83.264,0,0
R-001093,M-029,2023-02-15 13:00:00,4.612,72.603,0,0
R-001094,M-016,2023-02-15 14:00:00,4.4068,73.721,0,0
R-001095,M-009,2023-02-15 15:00:00,3.553,66.006,0,0
R-001096,M-015,2023-02-15 16:00:00,4.4245,67.372,1,1
R-001097,M-011,2023-02-15 17:00:00,4.0547,69.359,0,0
R-001098,M-027,2023-02-15 18:00:00,4.2107,74.576,1,1
R-001099,M-025,2023-02-15 19:00:00,4.5331,74.558,0,0
R-001100,M-028,2023-02-15 20:00:00,5.1293,71.356,0,0
R-001101,M-026,2023-02-15 21:00:00,3.6165,73.141,1,1
R-001102,M-003,2023-02-15 22:00:00,3.1647,75.01,0,0
R-001103,M-022,2023-02-15 23:00:00,4.1911,76.603,1,1
R-001104,M-001,2023-02-16 00:00:00,3.6771,78.307,0,0
R-001105,M-018,2023-02-16 01:00:00,3.4511,70.296,0,0
R-001106,M-010,2023-02-16 02:00:00,3.6581,68.883,0,0
R-001107,M-004,2023-02-16 03:00:00,3.1619,84.766,1,1
R-001108,M-001,2023-02-16 04:00:00,2.8181,71.758,0,0
R-001109,M-009,2023-02-16 05:00:00,4.1188,72.366,0,0
R-001110,M-029,2023-02-16 06:00:00,4.6743,76.51,0,0
R-001111,M-009,2023-02-16 07:00:00,3.0883,69.862,0,0
R-001112,M-025,2023-02-16 08:00:00,4.2289,68.689,0,0
R-001113,M-028,2023-02-16 09:00:00,4.0297,71.815,0,0
R-001114,M-025,2023-02-16 10:00:00,3.5234,73.674,0,0
R-001115,M-021,2023-02-16 11:00:00,4.5482,70.261,1,1
R-001116,M-012,2023-02-16 12:00:00,4.0694,67.153,0,0
R-001117,M-004,2023-02-16 13:00:00,3.589,73.303,0,0
R-001118,M-003,2023-02-16 14:00:00,3.333,67.717,0,0
R-001119,M-003,2023-02-16 15:00:00,3.5636,73.961,0,0
R-001120,M-029,2023-02-16 16:00:00,4.2091,75.686,0,0
R-001121,M-010,2023-02-16 17:00:00,2.7195,67.547,0,0
R-001122,M-010,2023-02-16 18:00:00,3.4862,77.349,0,0
R-001123,M-018,2023-02-16 19:00:00,4.6507,77.645,0,0
R-001124,M-010,2023-02-16 20:00:00,3.3187,75.005,0,0
R-001125,M-026,2023-02-16 21:00:00,4.4646,71.77,0,0
R-001126,M-016,2023-02-16 22:00:00,3.3373,72.707,0,0
R-001127,M-026,2023-02-16 23:00:00,5.0793,75.361,0,0
R-001128,M-022,2023-02-17 00:00:00,3.6557,72.298,0,0
R-001129,M-011,2023-02-17 01:00:00,3.5791,70.343,0,0
R-001130,M-022,2023-02-17 02:00:00,3.7046,75.396,0,0
R-001131,M-000,2023-02-17 03:00:00,3.0017,76.447,0,0
R-001132,M-027,2023-02-17 04:00:00,4.8827,70.288,0,0
R-001133,M-019,2023-02-17 05:00:00,3.4654,70.457,0,0
R-001134,M-000,2023-02-17 06:00:00,2.5592,72.38,0,0
R-001135,M-007,2023-02-17 07:00:00,2.4614,67.175,0,0
R-001136,M-012,2023-02-17 08:00:00,2.9423,77.852,0,0
R-001137,M-016,2023-02-17 09:00:00,4.6051,78.705,0,0
R-001138,M-000,2023-02-17 10:00:00,2.6152,61.201,0,0
R-001139,M-017,2023-02-17 11:00:00,4.4469,72.787,0,0
R-001140,M-019,2023-02-17 12:00:00,3.6982,77.532,1,1
R-001141,M-006,2023-02-17 13:00:00,3.1175,72.965,0,0
R-001142,M-011,2023-02-17 14:00:00,3.5223,73.252,0,0
R-001143,M-001,2023-02-17 15:00:00,3.0758,67.62,0,0
R-001144,M-014,2023-02-17 16:00:00,2.7265,71.461,0,0
R-001145,M-026,2023-02-17 17:00:00,3.9696,79.47,0,0
R-001146,M-012,2023-02-17 18:00:00,3.7117,71.572,0,0
R-001147,M-028,2023-02-17 19:00:00,3.6988,79.488,0,0
R-001148,M-012,2023-02-17 20:00:00,4.2149,68.824,0,0
R-001149,M-019,2023-02-17 21:00:00,4.1842,76.034,0,0
R-001150,M-013,2023-02-17 22:00:00,3.7955,76.739,0,0
R-001151,M-028,2023-02-17 23:00:00,4.8472,72.849,0,0
R-001152,M-003,2023-02-18 00:00:00,3.6338,66.224,0,0
R-001153,M-013,2023-02-18 01:00:00,3.3974,74.185,1,1
R-001154,M-023,2023-02-18 02:00:00,4.4836,82.46,0,0
R-001155,M-006,2023-02-18 03:00:00,2.6708,74.255,0,0
R-001156,M-025,2023-02-18 04:00:00,4.5623,80.22,0,0
R-001157,M-021,2023-02-18 05:00:00,3.8496,77.731,1,1
R-001158,M-018,2023-02-18 06:00:00,4.3297,70.4,1,1
R-001159,M-025,2023-02-18 07:00:00,4.6319,77.236,0,0
R-001160,M-002,2023-02-18 08:00:00,3.4398,66.783,0,0
R-001161,M-010,2023-02-18 09:00:00,3.9096,72.87,0,0
R-001162,M-024,2023-02-18 10:00:00,5.0481,78.053,0,0
R-001163,M-025,2023-02-18 11:00:00,3.9196,69.412,0,0
R-001164,M-028,2023-02-18 12:00:00,5.0823,76.33,1,1
R-001165,M-004,2023-02-18 13:00:00,2.845,69.187,0,0
R-001166,M-014,2023-02-18 14:00:00,3.7498,70.6,0,0
R-001167,M-018,2023-02-18 15:00:00,3.9063,75.656,0,0
R-001168,M-018,2023-02-18 16:00:00,4.2238,69.973,0,0
R-001169,M-025,2023-02-18 17:00:00,4.3131,67.866,0,0
R-001170,M-003,2023-02-18 18:00:00,4.0359,68.988,0,0
R-001171,M-001,2023-02-18 19:00:00,3.7668,70.66,0,0
R-001172,M-016,2023-02-18 20:00:00,3.9796,75.32,0,0
R-001173,M-004,2023-02-18 21:00:00,3.2213,72.358,0,0
R-001174,M-018,2023-02-18 22:00:00,4.0499,67.387,0,0
R-001175,M-022,2023-02-18 23:00:00,2.2388,73.221,0,0
R-001176,M-010,2023-02-19 00:00:00,3.6093,70.487,0,0
R-001177,M-005,2023-02-19 01:00:00,3.959,65.94,0,0
R-001178,M-011,2023-02-19 02:00:00,3.8179,69.51,0,0
R-001179,M-015,2023-02-19 03:00:00,3.8408,73.551,0,0
R-001180,M-023,2023-02-19 04:00:00,3.7352,79.373,1,1
R-001181,M-004,2023-02-19 05:00:00,3.2787,64.529,0,0
R-001182,M-022,2023-02-19 06:00:00,4.3372,72.439,0,0
R-001183,M-012,2023-02-19 07:00:00,2.9097,72.995,0,0
R-001184,M-007,2023-02-19 08:00:00,3.7807,76.144,1,1
R-001185,M-011,2023-02-19 09:00:00,3.4448,59.782,0,0
R-001186,M-025,2023-02-19 10:00:00,3.8102,79.555,0,0
R-001187,M-027,2023-02-19 11:00:00,4.225,74.595,1,1
R-001188,M-000,2023-02-19 12:00:00,3.1677,66.729,0,0
R-001189,M-029,2023-02-19 13:00:00,4.2098,78.792,0,0
R-001190,M-023,2023-02-19 14:00:00,4.5011,76.447,1,1
R-001191,M-010,2023-02-19 15:00:00,3.4298,74.162,1,1
R-001192,M-024,2023-02-19 16:00:00,4.1166,78.226,0,0
R-001193,M-021,2023-02-19 17:00:00,3.6625,73.1,0,0
R-001194,M-028,2023-02-19 18:00:00,4.7316,73.727,0,0
R-001195,M-020,2023-02-19 19:00:00,3.8053,75.348,0,0
R-001196,M-022,2023-02-19 20:00:00,3.8797,72.665,0,0
R-001197,M-023,2023-02-19 21:00:00,4.7341,75.098,0,0
R-001198,M-021,2023-02-19 22:00:00,4.4415,73.532,0,0
R-001199,M-012,2023-02-19 23:00:00,4.0435,70.247,0,0
R-001200,M-000,2023-02-20 00:00:00,3.072,70.47,0,0
R-001201,M-028,2023-02-20 01:00:00,4.6421,81.745,0,0
R-001202,M-004,2023-02-20 02:00:00,3.6713,66.52,0,0
R-001203,M-026,2023-02-20 03:00:00,3.6328,76.498,1,1
R-001204,M-013,2023-02-20 04:00:00,3.6095,71.33,1,1
R-001205,M-011,2023-02-20 05:00:00,3.7511,75.879,0,0
R-001206,M-020,2023-02-20 06:00:00,3.4234,71.912,0,0
R-001207,M-026,2023-02-20 07:00:00,4.3284,79.603,0,0
R-001208,M-027,2023-02-20 08:00:00,4.5644,73.459,0,0
R-001209,M-006,2023-02-20 09:00:00,2.8583,63.333,0,0
R-001210,M-015,2023-02-20 10:00:00,4.8783,79.658,0,0
R-001211,M-004,2023-02-20 11:00:00,3.1361,74.808,0,0
R-001212,M-012,2023-02-20 12:00:00,4.0872,76.83,0,0
R-001213,M-011,2023-02-20 13:00:00,3.6344,70.35,0,0
R-001214,M-019,2023-02-20 14:00:00,3.9103,70.417,0,0
R-001215,M-013,2023-02-20 15:00:00,3.6834,71.292,0,0
R-001216,M-000,2023-02-20 16:00:00,3.6308,71.776,1,1
R-001217,M-023,2023-02-20 17:00:00,3.9238,75.064,0,0
R-001218,M-023,2023-02-20 18:00:00,3.9741,82.296,0,0
R-001219,M-013,2023-02-20 19:00:00,3.5933,68.363,0,0
R-001220,M-022,2023-02-20 20:00:00,3.6836,83.57,0,0
R-001221,M-014,2023-02-20 21:00:00,3.8983,69.69,0,0
R-001222,M-000,2023-02-20 22:00:00,2.8901,63.352,0,0
R-001223,M-022,2023-02-20 23:00:00,4.9083,67.696,0,0
R-001224,M-007,2023-02-21 00:00:00,3.1814,69.886,0,0
R-001225,M-012,2023-02-21 01:00:00,3.638,75.378,0,0
R-001226,M-025,2023-02-21 02:00:00,5.1844,79.037,0,0
R-001227,M-006,2023-02-21 03:00:00,3.9286,65.708,1,1
R-001228,M-020,2023-02-21 04:00:00,4.2195,70.225,0,0
R-001229,M-013,2023-02-21 05:00:00,3.6876,68.984,0,0
R-001230,M-028,2023-02-21 06:00:00,3.7737,76.847,1,1
R-001231,M-012,2023-02-21 07:00:00,3.4393,73.328,1,1
R-001232,M-009,2023-02-21 08:00:00,4.0301,64.009,0,0
R-001233,M-019,2023-02-21 09:00:00,5.0364,73.689,0,0
R-001234,M-019,2023-02-21 10:00:00,3.9772,74.011,0,0
R-001235,M-013,2023-02-21 11:00:00,3.7718,70.371,0,0
R-001236,M-011,2023-02-21 12:00:00,4.4087,68.647,1,1
R-001237,M-017,2023-02-21 13:00:00,3.7415,68.943,0,0
R-001238,M-009,2023-02-21 14:00:00,3.1658,70.35,0,0
R-001239,M-000,2023-02-21 15:00:00,2.7186,63.001,1,1
R-001240,M-022,2023-02-21 16:00:00,3.7846,71.905,1,1
R-001241,M-020,2023-02-21 17:00:00,4.7895,67.701,0,0
R-001242,M-025,2023-02-21 18:00:00,4.4808,76.01,1,1
R-001243,M-021,2023-02-21 19:00:00,3.6467,73.793,0,0
R-001244,M-026,2023-02-21 20:00:00,5.0317,82.318,0,0
R-001245,M-013,2023-02-21 21:00:00,3.6755,80.007,0,0
R-001246,M-028,2023-02-21 22:00:00,4.7715,80.81,0,0
R-001247,M-015,2023-02-21 23:00:00,3.3652,70.483,0,0
R-001248,M-024,2023-02-22 00:00:00,4.3082,71.999,0,0
R-001249,M-012,2023-02-22 01:00:00,4.1529,67.227,0,0
R-001250,M-024,2023-02-22 02:00:00,4.3678,78.97,0,0
R-001251,M-011,2023-02-22 03:00:00,3.6849,67.2,0,0
R-001252,M-027,2023-02-22 04:00:00,5.4314,74.741,0,0
R-001253,M-019,2023-02-22 05:00:00,3.9191,72.479,0,0
R-001254,M-000,2023-02-22 06:00:00,3.5059,69.962,0,0
R-001255,M-025,2023-02-22 07:00:00,3.5855,78.484,0,0
R-001256,M-000,2023-02-22 08:00:00,3.5245,66.89,0,0
R-001257,M-014,2023-02-22 09:00:00,4.2532,75.243,0,0
R-001258,M-007,2023-02-22 10:00:00,3.7788,64.086,0,0
R-001259,M-021,2023-02-22 11:00:00,4.032,76.406,1,1
R-001260,M-015,2023-02-22 12:00:00,4.706,75.259,1,1
R-001261,M-008,2023-02-22 13:00:00,3.0011,73.412,0,0
R-001262,M-005,2023-02-22 14:00:00,3.165,72.166,0,0
R-001263,M-027,2023-02-22 15:00:00,3.9578,83.867,0,0
R-001264,M-020,2023-02-22 16:00:00,3.5376,73.618,0,0
R-001265,M-022,2023-02-22 17:00:00,4.2439,80.037,0,0
R-001266,M-017,2023-02-22 18:00:00,4.8492,76.515,0,0
R-001267,M-003,2023-02-22 19:00:00,3.5508,73.044,0,0
R-001268,M-000,2023-02-22 20:00:00,2.7416,64.242,0,0
R-001269,M-014,2023-02-22 21:00:00,4.3904,72.649,0,0
R-001270,M-015,2023-02-22 22:00:00,3.9271,71.206,1,1
R-001271,M-025,2023-02-22 23:00:00,4.6471,77.212,0,0
R-001272,M-007,2023-02-23 00:00:00,4.4494,74.722,0,0
R-001273,M-002,2023-02-23 01:00:00,3.9773,70.563,0,0
R-001274,M-023,2023-02-23 02:00:00,5.1651,75.462,0,0
R-001275,M-016,2023-02-23 03:00:00,4.3809,73.572,0,0
R-001276,M-023,2023-02-23 04:00:00,3.903,75.923,1,1
R-001277,M-024,2023-02-23 05:00:00,3.5805,78.403,0,0
R-001278,M-018,2023-02-23 06:00:00,3.8366,75.793,0,0
R-001279,M-023,2023-02-23 07:00:00,4.6383,77.134,0,0
R-001280,M-019,2023-02-23 08:00:00,4.4593,75.734,1,1
R-001281,M-011,2023-02-23 09:00:00,3.8975,72.332,0,0
R-001282,M-017,2023-02-23 10:00:00,4.1433,70.036,0,0
R-001283,M-010,2023-02-23 11:00:00,2.9008,67.513,0,0
R-001284,M-023,2023-02-23 12:00:00,4.4819,72.975,0,0
R-001285,M-008,2023-02-23 13:00:00,4.2023,68.792,0,0
R-001286,M-003,2023-02-23 14:00:00,3.522,67.919,0,0
R-001287,M-002,2023-02-23 15:00:00,3.2598,64.431,0,0
R-001288,M-029,2023-02-23 16:00:00,4.0701,86.638,0,0
R-001289,M-022,2023-02-23 17:00:00,4.0326,74.457,0,0
R-001290,M-015,2023-02-23 18:00:00,3.7194,74.791,0,0
R-001291,M-006,2023-02-23 19:00:00,3.754,67.662,0,0
R-001292,M-011,2023-02-23 20:00:00,3.5758,72.12,0,0
R-001293,M-012,2023-02-23 21:00:00,4.1653,77.346,0,0
R-001294,M-001,2023-02-23 22:00:00,4.1224,69.783,0,0
R-001295,M-024,2023-02-23 23:00:00,4.3227,75.61,1,1
R-001296,M-029,2023-02-24 00:00:00,4.7252,74.55,0,0
R-001297,M-020,2023-02-24 01:00:00,3.8418,71.925,0,0
R-001298,M-014,2023-02-24 02:00:00,3.7083,70.317,0,0
R-001299,M-022,2023-02-24 03:00:00,3.9123,76.166,0,0
R-001300,M-023,2023-02-24 04:00:00,4.0229,73.54,0,0
R-001301,M-023,2023-02-24 05:00:00,3.716,79.724,0,0
R-001302,M-001,2023-02-24 06:00:00,3.6307,69.121,0,0
R-001303,M-023,2023-02-24 07:00:00,4.5843,68.155,0,0
R-001304,M-025,2023-02-24 08:00:00,5.1726,80.527,0,0
R-001305,M-006,2023-02-24 09:00:00,4.3135,71.667,0,0
R-001306,M-015,2023-02-24 10:00:00,3.2752,71.932,0,0
R-001307,M-008,2023-02-24 11:00:00,4.2488,67.005,0,0
R-001308,M-022,2023-02-24 12:00:00,4.0601,74.127,0,0
R-001309,M-028,2023-02-24 13:00:00,4.8274,75.286,1,1
R-001310,M-016,2023-02-24 14:00:00,4.0405,80.74,0,0
R-001311,M-025,2023-02-24 15:00:00,4.7851,75.862,0,0
R-001312,M-000,2023-02-24 16:00:00,3.8529,64.947,0,0
R-001313,M-025,2023-02-24 17:00:00,4.1087,71.334,1,1
R-001314,M-021,2023-02-24 18:00:00,4.4054,67.455,1,1
R-001315,M-010,2023-02-24 19:00:00,4.5944,71.703,0,0
R-001316,M-010,2023-02-24 20:00:00,3.0988,78.851,0,0
R-001317,M-018,2023-02-24 21:00:00,3.8914,79.575,0,0
R-001318,M-020,2023-02-24 22:00:00,3.3694,73.483,0,0
R-001319,M-017,2023-02-24 23:00:00,4.3419,68.847,0,0
R-001320,M-019,2023-02-25 00:00:00,3.6125,71.174,0,0
R-001321,M-015,2023-02-25 01:00:00,3.9986,67.349,1,1
R-001322,M-027,2023-02-25 02:00:00,4.0803,77.96,1,1
R-001323,M-022,2023-02-25 03:00:00,4.0878,77.302,0,0
R-001324,M-026,2023-02-25 04:00:00,4.3371,72.398,0,0
R-001325,M-014,2023-02-25 05:00:00,4.2052,75.153,0,0
R-001326,M-007,2023-02-25 06:00:00,3.4331,69.188,0,0
R-001327,M-029,2023-02-25 07:00:00,4.4772,72.389,0,0
R-001328,M-017,2023-02-25 08:00:00,4.3127,75.56,1,1
R-001329,M-011,2023-02-25 09:00:00,3.7665,73.542,0,0
R-001330,M-010,2023-02-25 10:00:00,3.4893,70.618,0,0
R-001331,M-005,2023-02-25 11:00:00,2.9693,67.155,0,0
R-001332,M-021,2023-02-25 12:00:00,4.4592,71.265,0,0
R-001333,M-003,2023-02-25 13:00:00,3.7889,72.112,0,0
R-001334,M-012,2023-02-25 14:00:00,4.1496,78.395,1,1
R-001335,M-007,2023-02-25 15:00:00,3.9715,71.849,0,0
R-001336,M-001,2023-02-25 16:00:00,4.1162,71.102,0,0
R-001337,M-002,2023-02-25 17:00:00,3.6255,81.848,0,0
R-001338,M-002,2023-02-25 18:00:00,3.6445,72.047,0,0
R-001339,M-022,2023-02-25 19:00:00,3.5017,68.986,0,0
R-001340,M-029,2023-02-25 20:00:00,3.8385,80.538,0,0
R-001341,M-005,2023-02-25 21:00:00,3.6697,69.51,0,0
R-001342,M-009,2023-02-25 22:00:00,4.449,72.614,0,0
R-001343,M-011,2023-02-25 23:00:00,4.9484,74.203,0,0
R-001344,M-023,2023-02-26 00:00:00,4.5583,80.664,0,0
R-001345,M-009,2023-02-26 01:00:00,3.3129,75.24,0,0
R-001346,M-003,2023-02-26 02:00:00,3.1629,76.308,0,0
R-001347,M-029,2023-02-26 03:00:00,3.4634,77.92,1,1
R-001348,M-012,2023-02-26 04:00:00,4.0852,70.688,0,0
R-001349,M-011,2023-02-26 05:00:00,4.0358,70.408,0,0
R-001350,M-007,2023-02-26 06:00:00,3.9164,70.668,0,0
R-001351,M-008,2023-02-26 07:00:00,4.1242,69.307,0,0
R-001352,M-023,2023-02-26 08:00:00,4.7062,72.42,1,1
R-001353,M-006,2023-02-26 09:00:00,3.9505,78.964,0,0
R-001354,M-017,2023-02-26 10:00:00,3.7587,65.591,0,0
R-001355,M-020,2023-02-26 11:00:00,4.7061,70.959,0,0
R-001356,M-019,2023-02-26 12:00:00,5.207,76.302,1,1
R-001357,M-004,2023-02-26 13:00:00,3.5588,68.707,1,1
R-001358,M-027,2023-02-26 14:00:00,3.9064,73.065,0,0
R-001359,M-006,2023-02-26 15:00:00,3.3915,72.837,0,0
R-001360,M-029,2023-02-26 16:00:00,3.7834,77.261,1,1
R-001361,M-003,2023-02-26 17:00:00,4.1948,73.204,1,1
R-001362,M-021,2023-02-26 18:00:00,3.9874,75.099,0,0
R-001363,M-006,2023-02-26 19:00:00,3.6949,70.983,0,0
R-001364,M-015,2023-02-26 20:00:00,3.3206,71.444,0,0
R-001365,M-024,2023-02-26 21:00:00,4.3621,75.057,0,0
R-001366,M-022,2023-02-26 22:00:00,4.2968,70.399,0,0
R-001367,M-018,2023-02-26 23:00:00,3.7327,79.418,1,1
R-001368,M-011,2023-02-27 00:00:00,4.5974,76.571,0,0
R-001369,M-011,2023-02-27 01:00:00,4.2943,73.806,0,0
R-001370,M-026,2023-02-27 02:00:00,4.2491,84.1,0,0
R-001371,M-004,2023-02-27 03:00:00,4.4637,67.549,0,0
R-001372,M-029,2023-02-27 04:00:00,4.26,84.049,0,0
R-001373,M-020,2023-02-27 05:00:00,4.0542,70.999,0,0
R-001374,M-002,2023-02-27 06:00:00,2.6445,61.89,0,0
R-001375,M-015,2023-02-27 07:00:00,4.4367,71.558,0,0
R-001376,M-025,2023-02-27 08:00:00,4.3797,75.352,0,0
R-001377,M-004,2023-02-27 09:00:00,4.8233,65.542,1,1
R-001378,M-003,2023-02-27 10:00:00,4.5743,70.029,0,0
R-001379,M-025,2023-02-27 11:00:00,5.4641,76.205,1,1
R-001380,M-010,2023-02-27 12:00:00,3.9259,72.822,0,0
R-001381,M-007,2023-02-27 13:00:00,4.3238,67.422,0,0
R-001382,M-008,2023-02-27 14:00:00,2.5643,68.632,0,0
R-001383,M-003,2023-02-27 15:00:00,4.187,61.366,0,0
R-001384,M-006,2023-02-27 16:00:00,3.6988,65.801,0,0
R-001385,M-013,2023-02-27 17:00:00,3.946,76.321,0,0
R-001386,M-026,2023-02-27 18:00:00,3.8518,76.348,0,0
R-001387,M-012,2023-02-27 19:00:00,4.3949,61.055,0,0
R-001388,M-028,2023-02-27 20:00:00,3.5029,73.35,0,0
R-001389,M-000,2023-02-27 21:00:00,3.7922,63.91,0,0
R-001390,M-004,2023-02-27 22:00:00,2.8517,69.571,0,0
R-001391,M-013,2023-02-27 23:00:00,3.9691,72.633,0,0
R-001392,M-003,2023-02-28 00:00:00,3.9719,73.172,0,0
R-001393,M-023,2023-02-28 01:00:00,5.1346,78.721,0,0
R-001394,M-020,2023-02-28 02:00:00,3.8523,67.949,1,1
R-001395,M-002,2023-02-28 03:00:00,3.4672,70.971,0,0
R-001396,M-015,2023-02-28 04:00:00,4.3614,73.219,1,1
R-001397,M-017,2023-02-28 05:00:00,5.0082,75.533,1,1
R-001398,M-007,2023-02-28 06:00:00,3.3949,66.356,0,0
R-001399,M-004,2023-02-28 07:00:00,3.1807,75.263,0,0
